Division,Event,Rider,Horse,Dress Score,Dress Place,Stad Jump,Stad Time,To Date Score,To Date Place,XC Jump,XC Elapsed,XC Time,Final Score,Final Place,dates,Start_Date,End_Date,Start_Datetime,End_Datetime,Datetime_Match,Title,Merge_Candidate,Area,Lon,Lat,EventVenueAddress,EventVenueFacilityName,EventVenueCity,EventVenueState,EventVenueZip,EventWebsite
Introductory-A,Full Moon Farms H.T.(Nov 2020),Christine  Hryzak,FMF SOL,34.3,4-T,4,0,38.3,7,0,4:56,0,38.3,2,11/08/2020-11/08/2020,11/8/20,11/8/20,11/8/20,11/8/20,True,Full Moon Farms  ,Full Moon Farms H.T.(Nov 2020),2,-76.91386,39.4572,4326 Louisville Rd,Full Moon Farm,Finksburg,MD,21048.0,http://fullmoonfarm.com/
Training-A,Apple Knoll Farm H.T.(Sep 2019),Amanda Gardiner,Finn McCool,33.4,4,0,0,33.4,2,0,4:58,0,33.4,1,09/21/2019-09/21/2019,9/21/19,9/21/19,9/21/19,9/21/19,True,Apple Knoll Farm,Apple Knoll Farm H.T.(Sep 2019),1,-70.57221,41.86124,1067 Old Sandwich Rd,Valinor Farm,Plymouth,MA,2360.0,http://www.appleknoll.com/
Open Preliminary,Horse Trials at Majestic Oaks (Nov 2020),Shelby  Brost,RHF Peterzano,27.2,4,0,0,27.2,3,0,5:24,0,27.2,2,11/07/2020-11/08/2020,11/7/20,11/8/20,11/7/20,11/8/20,False,at Majestic Oaks ,Horse Trials at Majestic Oaks (Nov 2020),3,-82.21323000000001,29.40346,17500 N US Hwy 441,Exmoor Farm,Reddick,FL,32686.0,http://majesticoaksocala.com
Training-A,Apple Knoll Farm H.T.(Sep 2020),Lanie Mourgenos,Fit & Frisky,24.6,1,0,0,24.6,1,0,4:46,0,24.6,1,09/19/2020-09/19/2020,9/19/20,9/19/20,9/19/20,9/19/20,True,Apple Knoll Farm,Apple Knoll Farm H.T.(Sep 2020),1,-70.57221,41.86124,1067 Old Sandwich Rd,Valinor Farm,Plymouth,MA,2360.0,http://www.appleknoll.com/
Advanced / Intermediate,Texas Rose Horse Park Fall HT,Sydney Elliott,Commando D' Osthuy,38.2,3,12,4,54.2,3,0,0:00,W,W,W,11/09/2019-11/10/2019,11/9/19,11/10/19,11/9/19,11/10/19,False,Fresno County Horse Park  ,Texas Rose Horse Park Fall HT,6,-119.92303000000001,36.843309999999995,7430 N. Weber Ave,Fresno County Horsepark,Fresno,CA,93722.0,http://www.FresnoCountyHorsePark.com
Dressage Test of Choice - Email Secreta,Barnstaple South Jackpot and 3-Phase (Sept. 24),Sarah Jaycocks,Huck Finn, , , ,0:00, , , , , , , ,09/24/2020-09/24/2020,9/24/20,9/24/20,9/24/20,9/24/20,True,Barnstaple South H.T,Barnstaple South Jackpot and 3-Phase (Sept. 24),3,-82.21323000000001,29.40346,17500 N US Hwy 441,Exmoor Farm,Reddick,FL,32686.0,http://barnstaplesouth.com
Training,Bath Pony Club Mini Trial,Emily Garside,Heathen's Gold n Blue,36.43,2,0,0,36.43,1,0,4:46,0,36.43,1,10/04/2020-10/04/2020,10/4/20,10/4/20,10/4/20,10/4/20,True,Midsouth Pony Club  ,Bath Pony Club Mini Trial,8,-84.5168,38.15169,4089 Iron Works Pkwy,Kentucky Horse Park,Lexington,KY,40511.0,https://midsouth.ponyclub.org/
Training,Bath Pony Club Mini Trial,Emily Garside,Heathen's Gold n Blue,36.43,2,0,0,36.43,1,0,4:46,0,36.43,1,08/16/2020-08/16/2020,8/16/20,8/16/20,8/16/20,8/16/20,True,Midsouth Pony Club  ,Bath Pony Club Mini Trial,8,-84.5168,38.15169,4089 Iron Works Pkwy,Kentucky Horse Park,Lexington,KY,40511.0,https://midsouth.ponyclub.org/
Advanced Test A,Blue Ridge Mountain Horse Trials at TIEC(Sep 2019),Doug Payne,Quantum Leap,28.6,3,0,0,28.6,2,0,7:12,12,40.6,1,09/14/2019-09/15/2019,9/14/19,9/15/19,9/14/19,9/15/19,False,Blue Ridge Mountain at TIEC,Blue Ridge Mountain Horse Trials at TIEC(Sep 2019),2,-82.0669,35.28265,4066 Pea Ridge Rd,Tryon International Equestrian Center,Mill Spring,NC,28756.0,http://www.tryon.com
Novice,November 5th: Barnstaple Jackpot + 3-Phase,Sarah Jaycocks,Huck Finn,29.1,1,0,0,29.1,1,0,4:04,0,29.1,1,11/05/2020-11/05/2020,11/5/20,11/5/20,11/5/20,11/5/20,True,Barnstaple South H.T ,November 5th: Barnstaple Jackpot + 3-Phase,3,-82.21323000000001,29.40346,17500 N US Hwy 441,Exmoor Farm,Reddick,FL,32686.0,http://
CCI Two Star Long,Galway Downs International Event & H.T.(Oct 2020),Helen Bouscaren,Irish Pop,30.5,4,0,6:51,0,30.5,3,0,0,30.5,2,10/28/2020-11/01/2020,10/28/20,11/1/20,10/28/20,11/1/20,False,Galway Downs International  ,Galway Downs International Event & H.T.(Oct 2020),6,-117.03396000000001,33.48728,38801 Los Corralitos Rd,Galway Downs,Temecula,CA,92592.0,http://www.galwaydowns.net
Open Starter,Catalpa Corner Charity Horse Trial,Stephanie Caston,Notorious B.I.G.,30.3,3,0,4:33,0,30.3,1,0,0,30.3,1,08/03/2019-08/04/2019,8/3/19,8/4/19,8/3/19,8/4/19,False,Catalpa Corner Charity  ,Catalpa Corner Charity Horse Trial,4,-91.41017,41.714729999999996,5365 Elmira Rd.,Catalpa Corner,Iowa City,IA,52240.0,http://www.catalpacorner.org
Advanced,Chattahoochee Hills H.T.(Oct 2020),Boyd Martin,Tsetserleg,24.3,2,0,0,24.3,2, ,0:00, , , ,10/24/2020-10/25/2020,10/24/20,10/25/20,10/24/20,10/25/20,False,Chattahoochee Hills  ,Chattahoochee Hills H.T.(Oct 2020),3,-84.71646,33.63024,10045 Cedar Grove Road,Chattahoochee Hills,Fairburn,GA,30213.0,http://www.chatthillseventing.com/
Advanced CT,Grand Oaks Horse Trials,Clayton Fredericks,FE Stormtrooper,28.9,1,0,0,28.9,1, ,0:00, , , ,11/23/2019-11/24/2019,11/23/19,11/24/19,11/23/19,11/24/19,False,Grand Oaks  ,Grand Oaks Horse Trials,3,-82.21323000000001,29.40346,17500 N US Hwy 441,Exmoor Farm,Reddick,FL,32686.0,http://www.thegrandoaks.com/
Advanced CT,Grand Oaks Horse Trials,Clayton Fredericks,FE Stormtrooper,28.9,1,0,0,28.9,1, ,0:00, , , ,01/18/2019-01/20/2019,1/18/19,1/20/19,1/18/19,1/20/19,False,Grand Oaks  ,Grand Oaks Horse Trials,3,-82.21323000000001,29.40346,17500 N US Hwy 441,Exmoor Farm,Reddick,FL,32686.0,http://www.thegrandoaks.com/
Modified,Waredaca Classic Horse Trials (Oct 2020),Tracey Bienemann,Eleganze,30.7,4,0,0,30.7,3,0,5:48,2.8,33.5,1,10/22/2020-10/25/2020,10/22/20,10/25/20,10/22/20,10/25/20,False,Waredaca   ,Waredaca Classic Horse Trials (Oct 2020),2,-77.08061,39.23332,4015 Damascus Rd,Waredaca Equestrian Facility,Laytonsville,MD,20882.0,http://www.waredaca.com
CCI Two Star Short,Chattahoochee Hills H.T. (April 2019),Clara Cargile,BT Jump the Gun ,30.9,1-T,0,0,30.9,1,0,5:25,0,30.9,1,04/05/2019-04/07/2019,4/5/19,4/7/19,4/5/19,4/7/19,False,Chattahoochee Hills  ,Chattahoochee Hills H.T. (April 2019),3,-84.70005,33.63993,9445 Browns Lake Road,The Bouckaert Farm,Fairburn,GA,30213.0,http://www.chatthillseventing.com/
CCI Two Star Short,Chattahoochee Hills H.T. (Aug 2019),Kimberly Steinbuch,PDQ Leigh,28.4,1,0,5:45,4,32.4,1,0,0,32.4,1,08/30/2019-09/01/2019,8/30/19,9/1/19,8/30/19,9/1/19,False,Chattahoochee Hills  ,Chattahoochee Hills H.T. (Aug 2019),3,-84.70005,33.63993,9445 Browns Lake Road,The Bouckaert Farm,Fairburn,GA,30213.0,http://www.chatthillseventing.com/
Beginner Novice Combined Test,Stable View Eventing Academy Schooling H.T.,Jeanne Hulse,Excel Star Tristan,36.3,1,0,1.2,37.5,1, ,0:00, , , ,08/09/2020-08/09/2020,8/9/20,8/9/20,8/9/20,8/9/20,True,Stable View Oktoberfest  2/3/4* and  ,Stable View Eventing Academy Schooling H.T.,3,-81.79998,33.648590000000006,117 Stable Dr,Stable View Farm,Aiken,SC,29801.0,http://www.StableViewFarm.com
Beginner Novice Combined Test,Stable View Eventing Academy Schooling H.T.,Jeanne Hulse,Excel Star Tristan,36.3,1,0,1.2,37.5,1, ,0:00, , , ,02/17/2020-02/17/2020,2/17/20,2/17/20,2/17/20,2/17/20,True,Stable View Oktoberfest  2/3/4* and  ,Stable View Eventing Academy Schooling H.T.,3,-81.79998,33.648590000000006,117 Stable Dr,Stable View Farm,Aiken,SC,29801.0,http://www.StableViewFarm.com
Beginner Novice Combined Test,Stable View Eventing Academy Schooling H.T.,Jeanne Hulse,Excel Star Tristan,36.3,1,0,1.2,37.5,1, ,0:00, , , ,10/20/2019-10/20/2019,10/20/19,10/20/19,10/20/19,10/20/19,True,Stable View Oktoberfest  2/3/4* and  ,Stable View Eventing Academy Schooling H.T.,3,-81.79998,33.648590000000006,117 Stable Dr,Stable View Farm,Aiken,SC,29801.0,http://www.StableViewFarm.com
Beginner Novice Combined Test,Stable View Eventing Academy Schooling H.T.,Jeanne Hulse,Excel Star Tristan,36.3,1,0,1.2,37.5,1, ,0:00, , , ,07/21/2019-07/21/2019,7/21/19,7/21/19,7/21/19,7/21/19,True,Stable View Oktoberfest  2/3/4* and  ,Stable View Eventing Academy Schooling H.T.,3,-81.79998,33.648590000000006,117 Stable Dr,Stable View Farm,Aiken,SC,29801.0,http://www.StableViewFarm.com
Beginner Novice Combined Test,Stable View Eventing Academy Schooling H.T.,Jeanne Hulse,Excel Star Tristan,36.3,1,0,1.2,37.5,1, ,0:00, , , ,05/12/2019-05/12/2019,5/12/19,5/12/19,5/12/19,5/12/19,True,Stable View Oktoberfest  2/3/4* and  ,Stable View Eventing Academy Schooling H.T.,3,-81.79998,33.648590000000006,117 Stable Dr,Stable View Farm,Aiken,SC,29801.0,http://www.StableViewFarm.com
Beginner Novice Combined Test,Stable View Eventing Academy Schooling H.T.,Jeanne Hulse,Excel Star Tristan,36.3,1,0,1.2,37.5,1, ,0:00, , , ,02/24/2019-02/24/2019,2/24/19,2/24/19,2/24/19,2/24/19,True,Stable View Oktoberfest  2/3/4* and  ,Stable View Eventing Academy Schooling H.T.,3,-81.79998,33.648590000000006,117 Stable Dr,Stable View Farm,Aiken,SC,29801.0,http://www.StableViewFarm.com
Beginner Novice Show Jump Round,Stable View Eventing Academy Schooling H.T.,Laura Vanderwolk,First Class, , , ,0:00, , , , , , , ,12/13/2020-12/13/2020,12/13/20,12/13/20,12/13/20,12/13/20,True,Stable View Oktoberfest  2/3/4* and  ,Stable View Eventing Academy Schooling H.T.,3,-81.79998,33.648590000000006,117 Stable Dr,Stable View Farm,Aiken,SC,29801.0,http://www.StableViewFarm.com
CCI 1 Star,Chattahoochee Hills H.T. (Aug 2020),Joanie Morris,Betterthanexpected,31.6,1,0,0.8,32.4,1,0,5:06,0,32.4,1,08/29/2020-08/30/2020,8/29/20,8/30/20,8/29/20,8/30/20,False,Chattahoochee Hills  ,Chattahoochee Hills H.T. (Aug 2020),3,-84.70005,33.63993,9445 Browns Lake Road,The Bouckaert Farm,Fairburn,GA,30213.0,http://www.chatthillseventing.com/
Open Intermediate,Chattahoochee Hills H.T.(Feb 2020),Kim Severson,Cooley Cross Border,23.8,1,0,5:29,3.6,27.4,1,0,0,27.4,1,02/29/2020-03/01/2020,2/29/20,3/1/20,2/29/20,3/1/20,False,Chattahoochee Hills  ,Chattahoochee Hills H.T.(Feb 2020),3,-84.71646,33.63024,10045 Cedar Grove Road,Chattahoochee Hills,Fairburn,GA,30213.0,http://ChattHillsEventing.com
Advanced,Chattahoochee Hills H.T.(Oct 2019),Hallie Coon,Celien,27.9,1,0,6:55,6,33.9,1,4,0,37.9,1,10/26/2019-10/27/2019,10/26/19,10/27/19,10/26/19,10/27/19,False,Chattahoochee Hills  ,Chattahoochee Hills H.T.(Oct 2019),3,-84.70005,33.63993,9445 Browns Lake Road,The Bouckaert Farm,Fairburn,GA,30213.0,http://www.chatthillseventing.com/
Open Training-A,Fair Hill Starter Horse Trials ,Courtney Cooper,Excel Star Darcy,29.8,2,4,0,33.8,2,0,5:00,0,33.8,1,09/05/2020-09/05/2020,9/5/20,9/5/20,9/5/20,9/5/20,True,Fair Hill International April   and CCI-S,Fair Hill Starter Horse Trials ,2,-75.86013,39.70171,4600 Telegraph Rd,Fair Hill - Telegraph,Elkton,MD,21921.0,http://www.fairhillinternational.org
Open Intermediate,Chattahoochee Hills HT Summer 1,Devon Brown,Hickstead,23.3,2,0,6:14,5.6,28.9,1,4,0,32.9,1,06/27/2020-06/28/2020,6/27/20,6/28/20,6/27/20,6/28/20,False,Chattahoochee Hills  ,Chattahoochee Hills HT Summer 1,3,-84.70005,33.63993,9445 Browns Lake Road,The Bouckaert Farm,Fairburn,GA,30213.0,http://www.chatthillseventing.com/
Advanced,Chattahoochee Hills May H.T.,Karl Slezak,Fernhill Wishes,31.4,3-T,0,6:23,3.2,34.6,2,0,0.4,35,1,05/18/2019-05/19/2019,5/18/19,5/19/19,5/18/19,5/19/19,False,Chattahoochee Hills  ,Chattahoochee Hills May H.T.,3,-84.70005,33.63993,9445 Browns Lake Road,The Bouckaert Farm,Fairburn,GA,30213.0,http://www.chatthillseventing.com/
Dressage Test of Choice,War Horse Event Series October H.T.(Oct 2020),Sara Baucom,Gettin' Jiggy Wit It, , , ,0:00, , , , , , , ,10/11/2020-10/11/2020,10/11/20,10/11/20,10/11/20,10/11/20,True,War Horse Event Series October  ,War Horse Event Series October H.T.(Oct 2020),2,-79.36633,35.01506,2814 Montrose Rd,Carolina Horse Park,Raeford,NC,28376.0,http://www.carolinahorsepark.com/
Open Pre-Training,Glenarden Farms Horse Trials,Holly Jacks Smither,Josephine,29.5,2,0,0,29.5,2,0,4:56,0,29.5,1,07/25/2020-07/26/2020,7/25/20,7/26/20,7/25/20,7/26/20,False,Cobblestone Farms  ,Glenarden Farms Horse Trials,8,-83.84456999999999,42.365829999999995,5601 Zeeb Road,Cobblestone Farm,Dexter,MI,48130.0,http://www.cobblestonefarmsllc.com
Open Pre-Training,Glenarden Farms Horse Trials,Holly Jacks Smither,Josephine,29.5,2,0,0,29.5,2,0,4:56,0,29.5,1,10/12/2019-10/12/2019,10/12/19,10/12/19,10/12/19,10/12/19,True,Cobblestone Farms  ,Glenarden Farms Horse Trials,8,-83.84456999999999,42.365829999999995,5601 Zeeb Road,Cobblestone Farm,Dexter,MI,48130.0,http://www.cobblestonefarmsllc.com
Open Pre-Training,Glenarden Farms Horse Trials,Holly Jacks Smither,Josephine,29.5,2,0,0,29.5,2,0,4:56,0,29.5,1,07/27/2019-07/27/2019,7/27/19,7/27/19,7/27/19,7/27/19,True,Cobblestone Farms  ,Glenarden Farms Horse Trials,8,-83.84456999999999,42.365829999999995,5601 Zeeb Road,Cobblestone Farm,Dexter,MI,48130.0,http://www.cobblestonefarmsllc.com
Open Pre-Training,Glenarden Farms Horse Trials,Bob Holman,RREF FerroStyle,27.3,1,0,0,27.3,1,0,5:21,5.6,32.9,2,10/10/2020-10/10/2020,10/10/20,10/10/20,10/10/20,10/10/20,True,Cobblestone Farms  ,Glenarden Farms Horse Trials,8,-83.84456999999999,42.365829999999995,5601 Zeeb Road,Cobblestone Farm,Dexter,MI,48130.0,http://www.cobblestonefarmsllc.com
Preliminary,Course Brook Farm Fall Horse Trials,Betsy E. Bodner,Regal Cadence,35,2,0,0.8,35.8,2,0,6:16,12.4,48.2,1,09/07/2019-09/07/2019,9/7/19,9/7/19,9/7/19,9/7/19,True,Course Brook  ,Course Brook Farm Fall Horse Trials,1,-71.39974000000001,42.25229,39 Brush Hill Rd,Course Brook Farm,Sherborn,MA,1770.0,https://coursebrookfarm.com/
CCI Two Star Short,Woodside International H.T.(Oct 2020),Lauren Billys,Can Be Sweet,27.4,5,0,0,27.4,1,0,5:39,0.4,27.8,2,10/08/2020-10/11/2020,10/8/20,10/11/20,10/8/20,10/11/20,False,Woodside International  ,Woodside International H.T.(Oct 2020),6,-122.24548,37.40747,3674 Sand Hill Rd.,Woodside Horse Park,Woodside,CA,94062.0,http://www.woodsideeventing.com
Open Preliminary-A,ESDCTA New Jersey H.T. at the Horsepark,Alyssa Phillips,Cornelius Bo,28,2-T,0,0,28,2-T,0,6:11,9.6,37.6,1,09/27/2020-09/27/2020,9/27/20,9/27/20,9/27/20,9/27/20,True,ESDCTA New Jersey   ,ESDCTA New Jersey H.T. at the Horsepark,2,-74.49821,40.19321,626 Rte 524,The Horsepark of New Jersey,Allentown,NJ,8501.0,https://www.esdcta.org
Open Preliminary-A,ESDCTA New Jersey H.T. at the Horsepark,Alyssa Phillips,Cornelius Bo,28,2-T,0,0,28,2-T,0,6:11,9.6,37.6,1,09/29/2019-09/29/2019,9/29/19,9/29/19,9/29/19,9/29/19,True,ESDCTA New Jersey   ,ESDCTA New Jersey H.T. at the Horsepark,2,-74.49821,40.19321,626 Rte 524,The Horsepark of New Jersey,Allentown,NJ,8501.0,https://www.esdcta.org
Advanced,Essex Horse Trials,William Coleman,Obos O'Reilly,31.7,9,4,0,35.7,1,0,5:07,6.4,42.1,1,06/21/2019-06/23/2019,6/21/19,6/23/19,6/21/19,6/23/19,False,Essex  ,Essex Horse Trials,2,-74.63613000000001,40.68475,50 US Highway 202,Moorland Farm,Far Hills,NJ,7931.0,http://www.essexhorsetrials.org
Advanced-A,Morven Park Fall International H.T. & CCIS,William Coleman,Tight Lines,28.4,1,0,0,28.4,1,0,7:22,8.8,37.2,2,10/02/2020-10/04/2020,10/2/20,10/4/20,10/2/20,10/4/20,False,Morven Park Fall International ,Morven Park Fall International H.T. & CCIS,2,-77.55527,39.14542,41793 Tutt Lane,Morven Park Equestrian Center,Leesburg,VA,20176.0,http://www.morvenpark.org
CCI2-S Two Star,Fair Hill International April Horse Trials,Colleen Loach,Vermont,28.3,2,0,0,28.3,2,0,5:25,0,28.3,1,04/19/2019-04/21/2019,4/19/19,4/21/19,4/19/19,4/21/19,False,Fair Hill International  ,Fair Hill International April Horse Trials,2,-75.86013,39.70171,4600 Telegraph Rd,Fair Hill - Telegraph,Elkton,MD,21921.0,http://www.fairhillinternational.org
CCI Three Star (short),Fair Hill International August Horse Trials,Phillip Dutton,Fernhill Singapore,22.5,2,0,6:10,2,24.5,1,0,0,24.5,1,08/08/2020-08/09/2020,8/8/20,8/9/20,8/8/20,8/9/20,False,Fair Hill International  ,Fair Hill International August Horse Trials,2,-75.86013,39.70171,4600 Telegraph Rd,Fair Hill - Telegraph,Elkton,MD,21921.0,http://fairhillinternational.org/
CCI Three Star (short),Fair Hill International August Horse Trials,Phillip Dutton,Fernhill Singapore,22.5,2,0,6:10,2,24.5,1,0,0,24.5,1,08/10/2019-08/11/2019,8/10/19,8/11/19,8/10/19,8/11/19,False,Fair Hill International  ,Fair Hill International August Horse Trials,2,-75.86013,39.70171,4600 Telegraph Rd,Fair Hill - Telegraph,Elkton,MD,21921.0,http://fairhillinternational.org/
CCI Three Star,Fair Hill International CCI****/***,Woods Baughman,C'est La Vie 135,27.6,2,0,8:30,0,27.6,1,0,0,27.6,1,10/16/2019-10/20/2019,10/16/19,10/20/19,10/16/19,10/20/19,False,Carolina International CCI and  ,Fair Hill International CCI****/***,2,-79.36633,35.01506,2814 Montrose Rd,Carolina Horse Park,Raeford,NC,28376.0,http://www.carolinainternationalcic.com/
Novice Horse-A,Fair Hill International June Starter HT,Elissa Ogburn,Land Run,26.7,2,0,0,26.7,1,0,5:00,0,26.7,1,06/29/2019-06/29/2019,6/29/19,6/29/19,6/29/19,6/29/19,True,Fair Hill International April   and CCI-S,Fair Hill International June Starter HT,2,-75.86013,39.70171,4600 Telegraph Rd,Fair Hill - Telegraph,Elkton,MD,21921.0,http://www.fairhillinternational.org
Introductory-A,Larkin Hill HT,Caroline Reardon,Marco,33.6,4,0,0,33.6,3,0,3:10,0,33.6,2,09/26/2020-09/27/2020,9/26/20,9/27/20,9/26/20,9/27/20,False,Larkin Hill,Larkin Hill HT,1,-73.64431,42.47909,114 Woodward Rd,Larkin Hill Farm,Nassau,NY,12123.0,http://www.larkinhill.com
Novice Horse,Fair Hill International May Starter HT,Elizabeth Bierman,EB Winston,29.1,1,0,0,29.1,1,0,5:00,0,29.1,1,05/04/2019-05/04/2019,5/4/19,5/4/19,5/4/19,5/4/19,True,Fair Hill International April   and CCI-S,Fair Hill International May Starter HT,2,-75.86013,39.70171,4600 Telegraph Rd,Fair Hill - Telegraph,Elkton,MD,21921.0,http://www.fairhillinternational.org
CCI Two Star - S,Stable View Oktoberfest 1/ 2/3/4* and H.T.,Elisabeth Halliday-Sharp,Maryville Sir Henry,27.4,1,0,0,27.4,1,0,5:46,0,27.4,1,09/27/2019-09/29/2019,9/27/19,9/29/19,9/27/19,9/29/19,False,Stable View Spring 1/2/3/4*,Stable View Oktoberfest 1/ 2/3/4* and H.T.,3,-81.79998,33.648590000000006,117 Stable Dr,Stable View Farm,Aiken,SC,29801.0,http://StableViewFarm.com
XC Schooling,Full Gallop Farm Sept. Schooling HT,Heidi Gyselinck,Jovian Giant, , , ,0:00, , , , , , , ,09/08/2019-09/08/2019,9/8/19,9/8/19,9/8/19,9/8/19,True,Full Gallop Farm November   ,Full Gallop Farm Sept. Schooling HT,3,-81.58405,33.57045,3828 Wagener Rd.,Full Gallop Farm,Aiken,SC,29805.0,http://www.fullgallopfarm.com
XC Schooling,Full Gallop Farm Sept. Schooling HT,Kate Boggan,Dashing Vixen,W,W,0,0:00,W,W,W,0,W,W,W,09/20/2020-09/20/2020,9/20/20,9/20/20,9/20/20,9/20/20,True,Full Gallop Farm November   ,Full Gallop Farm Sept. Schooling HT,3,-81.58405,33.57045,3828 Wagener Rd.,Full Gallop Farm,Aiken,SC,29805.0,http://www.fullgallopfarm.com
Open Preliminary,Feather Creek Farm H.T.(Aug 2019),Emelie Lesher,Hotshot,30.2,1,4,0,34.2,2,0,5:16,10.4,44.6,1,06/07/2019-06/09/2019,6/7/19,6/9/19,6/7/19,6/9/19,False,Feather Creek Farm  ,Feather Creek Farm H.T.(Aug 2019),5,-97.331,35.23746,1501 72nd Ave,Feather Creek Farm,Norman,OK,73026.0,https://www.facebook.com/Feather-Creek-Farm-116967058316156/
Open Preliminary,Feather Creek Farm H.T.(June 2020),Samantha Tinney,Glenbrook Cooley,26.5,2,0,0,26.5,1,0,5:21,12.4,38.9,1,06/06/2020-06/07/2020,6/6/20,6/7/20,6/6/20,6/7/20,False,Feather Creek Farm  ,Feather Creek Farm H.T.(June 2020),5,-97.331,35.23746,1501 72nd Ave,Feather Creek Farm,Norman,OK,73026.0,https://www.facebook.com/Feather-Creek-Farm-116967058316156/
Introductory,Feather Creek Farm H.T.(Sept 2019),Mary Kay  Trotter,Kid Sidney, , , , , , , ,0:00, , , ,09/20/2019-09/22/2019,9/20/19,9/22/19,9/20/19,9/22/19,False,Feather Creek Farm  ,Feather Creek Farm H.T.(Sept 2019),5,-97.331,35.23746,1501 72nd Ave,Feather Creek Farm,Norman,OK,73026.0,https://www.facebook.com/Feather-Creek-Farm-116967058316156/
CCI Two Star Short-A,Plantation Field International CCI-S(Sep 2020),Olivia Dutton,Iniesta,29.7,1,0,6:11,6.4,36.1,4,0,0,36.1,2,09/16/2020-09/20/2020,9/16/20,9/20/20,9/16/20,9/20/20,False,Plantation Field April  ,Plantation Field International CCI-S(Sep 2020),2,-75.78744,39.90874,450 Apple Grove Rd.,Plantation Field,Coatesville,PA,19320.0,http://www.plantationfield.com
Preliminary Rider,FENCE Horse Trial (April 2019),Emilie Mudd,Quite Nice 11,25.2,1,0,6:03,3.6,28.8,2,0,0,28.8,1,04/13/2019-04/14/2019,4/13/19,4/14/19,4/13/19,4/14/19,False,FENCE  ,FENCE Horse Trial (April 2019),3,-82.17685,35.19682,3381 Hunting Country Rd.,Fence Equestrian Center - FENCE,Tryon,NC,28782.0,http://www.fence.org
Open Preliminary-A,Flora Lea Spring Horse Trials,Caroline Martin,Ideal,32.4,7,0,4:54,3.6,36,4,0,0,36,1,05/25/2019-05/26/2019,5/25/19,5/26/19,5/25/19,5/26/19,False,Flora Lea Farm YEH  and Mini Event,Flora Lea Spring Horse Trials,2,-74.81492,39.896679999999996,21 Branin Rd.,Flora Lea Farm,Medford,NJ,8055.0,http://floraleafarm.com
CCI 2 Star Long,Fox River Valley Pony Club HT,Hannah Hubsch,Bethel Park,31.8,2,0,7:06,0,31.8,1,0,0,31.8,1,06/20/2019-06/23/2019,6/20/19,6/23/19,6/20/19,6/23/19,False,Fox River Valley Pony Club   ,Fox River Valley Pony Club HT,4,-88.22379000000001,42.14542,254 Bateman Rd,Barrington Hills Park Riding Center,Barrington,IL,60010.0,http://www.FRVPCHorsetrials.org
Preliminary-A,Full Gallop Farm August HT(Aug 2019),Lauren Turner,Fairway King,29.1,2,0,0,29.1,2,0,4:59,1.6,30.7,1,08/17/2019-08/18/2019,8/17/19,8/18/19,8/17/19,8/18/19,False,Full Gallop Farm August HT,Full Gallop Farm August HT(Aug 2019),3,-81.58405,33.57045,3828 Wagener Rd.,Full Gallop Farm,Aiken,SC,29805.0,http://www.fullgallopfarm.com/
Preliminary,Course Brook Farm Horse Trials,Ferial Johnson,Great Recession,33,3,0,0.4,33.4,2,0,5:58,9.2,42.6,1,07/18/2020-07/19/2020,7/18/20,7/19/20,7/18/20,7/19/20,False,Course Brook    ,Course Brook Farm Horse Trials,1,-71.39974000000001,42.25229,39 Brush Hill Rd,Course Brook Farm,Sherborn,MA,1770.0,https://coursebrookfarm.com/
Preliminary,Full Gallop Farm August HT(Aug 2020),Will Faudree,FRH Ramona,34.6,4,0,0,34.6,3,0,4:51,0,34.6,1,08/15/2020-08/16/2020,8/15/20,8/16/20,8/15/20,8/16/20,False,Full Gallop Farm August HT  ,Full Gallop Farm August HT(Aug 2020),3,-81.58405,33.57045,3828 Wagener Rd.,Full Gallop Farm,Aiken,SC,29805.0,http://www.fullgallopfarm.com/
Any USEA dressage Test,Majestic Oaks Schooling Show,Sydney ODell,Ravin's Treasure-N-A, , , ,0:00, , , , , , , ,12/12/2020-12/12/2020,12/12/20,12/12/20,12/12/20,12/12/20,True, Horse Trials at Majestic Oaks ,Majestic Oaks Schooling Show,3,-82.21323000000001,29.40346,17500 N US Hwy 441,Exmoor Farm,Reddick,FL,32686.0,http://majesticoaksocala.com
Dressage,Full Gallop Farm December Schooling Show ,Laura Jumpp,Gratis, , , ,0:00, , , , , , , ,12/15/2019-12/15/2019,12/15/19,12/15/19,12/15/19,12/15/19,True,Full Gallop Farm February I  ,Full Gallop Farm December Schooling Show ,3,-81.58405,33.57045,3828 Wagener Rd.,Full Gallop Farm,Aiken,SC,29805.0,http://www.fullgallopfarm.com
Elementary - Junior Horse Trials-A,GMHA Starter Horse Trials (Aug 2020),Adeline  Tullar,Twilights Beauty ,31.7,1,0,0,31.7,1,20,5:19,49.6,101.3,2,08/30/2020-08/30/2020,8/30/20,8/30/20,8/30/20,8/30/20,True,GMHA June  ,GMHA Starter Horse Trials (Aug 2020),1,-72.53926,43.55708,5491 South Road,GMHA,South Woodstock,VT,5071.0,http://www.gmhainc.org
Intermediate,Full Gallop Farm February H.T.,Olivia Hayes,Astrana De La Galerna ,35.9,2,0,0,35.9,2,0,5:40,14.4,50.3,1,02/27/2019-02/27/2019,2/27/19,2/27/19,2/27/19,2/27/19,True,Full Gallop Farm February I  ,Full Gallop Farm February H.T.,3,-81.58405,33.57045,3828 Wagener Rd.,Full Gallop Farm,Aiken,SC,29805.0,http://fullgallopfarm.com
Preliminary,Full Gallop Farm February Horse Trials,Meg Bowers,Keep The Change,30.4,2,4,0,34.4,2-T,0,4:35,0,34.4,1,02/05/2020-02/05/2020,2/5/20,2/5/20,2/5/20,2/5/20,True,Full Gallop Farm February II  ,Full Gallop Farm February Horse Trials,3,-81.58405,33.57045,3828 Wagener Rd.,Full Gallop Farm,Aiken,SC,29805.0,http://www.fullgallopfarm.com
Preliminary,Full Gallop Farm February Horse Trials,Meg Bowers,Keep The Change,30.4,2,4,0,34.4,2-T,0,4:35,0,34.4,1,02/06/2019-02/06/2019,2/6/19,2/6/19,2/6/19,2/6/19,True,Full Gallop Farm February II  ,Full Gallop Farm February Horse Trials,3,-81.58405,33.57045,3828 Wagener Rd.,Full Gallop Farm,Aiken,SC,29805.0,http://www.fullgallopfarm.com
Preliminary,Full Gallop Farm February II H.T.(Feb 2020),Daniel Clasing,Greek Empire,32.2,4,0,0,32.2,4,0,4:54,0,32.2,1,02/25/2020-02/26/2020,2/25/20,2/26/20,2/25/20,2/26/20,False,Full Gallop Farm January H.T,Full Gallop Farm February II H.T.(Feb 2020),3,-81.58405,33.57045,3828 Wagener Rd.,Full Gallop Farm,Aiken,SC,29805.0,http://www.fullgallopfarm.com/
Preliminary,Full Gallop Farm HT,Ivie Cullen-Dean,Fernhill Full Throttle,25.9,1,0,0,25.9,1,0,4:59,0,25.9,1,06/14/2020-06/14/2020,6/14/20,6/14/20,6/14/20,6/14/20,True,Flying Cross Farm  ,Full Gallop Farm HT,8,-85.52320999999999,38.42696,9220 W Hwy 42,Flying Cross Farm,Goshen,KY,40026.0,www.flyingcrossfarm.org
Preliminary,Full Gallop Farm HT,Ivie Cullen-Dean,Fernhill Full Throttle,25.9,1,0,0,25.9,1,0,4:59,0,25.9,1,03/28/2020-03/29/2020,3/28/20,3/29/20,3/28/20,3/29/20,False,Flying Cross Farm  ,Full Gallop Farm HT,8,-85.52320999999999,38.42696,9220 W Hwy 42,Flying Cross Farm,Goshen,KY,40026.0,www.flyingcrossfarm.org
Dressage Test of Choice 1st/ 2nd Level,War Horse Event Series (Aug 2020),Courtney Bauer*,Reagen of Knightsbridge, , , ,0:00, , , , , , , ,08/23/2020-08/23/2020,8/23/20,8/23/20,8/23/20,8/23/20,True,War Horse Event Series August  ,War Horse Event Series (Aug 2020),2,-79.36633,35.01506,2814 Montrose Rd,Carolina Horse Park,Raeford,NC,28376.0,http://www.carolinahorsepark.com/
Preliminary,Full Gallop Farm January H.T(Jan 2020),Susan Jellum,Rochambeau,33.3,2,0,0,33.3,2,0,4:57,0.4,33.7,1,01/26/2020-01/26/2020,1/26/20,1/26/20,1/26/20,1/26/20,True,Full Gallop Farm July  ,Full Gallop Farm January H.T(Jan 2020),3,-81.58405,33.57045,3828 Wagener Rd.,Full Gallop Farm,Aiken,SC,29805.0,http://www.fullgallopfarm.com
Advanced Intermediate,Full Gallop Farm January HT,Erin Pullen,Tag,32.9,1,0,2,34.9,1,0,6:02,23.2,58.1,1,01/27/2019-01/27/2019,1/27/19,1/27/19,1/27/19,1/27/19,True,Full Gallop Farm June  ,Full Gallop Farm January HT,3,-81.58405,33.57045,3828 Wagener Rd.,Full Gallop Farm,Aiken,SC,29805.0,http://www.fullgallopfarm.com
Training,Full Gallop Farm January Schooling Show,Lisa Burch,FGF Slew Z Cowboy,36.7,1,4,4.8,45.5,1,20,6:25,31.6,97.1,1,01/05/2020-01/05/2020,1/5/20,1/5/20,1/5/20,1/5/20,True,Full Gallop Farm June  ,Full Gallop Farm January Schooling Show,3,-81.58405,33.57045,3828 Wagener Rd.,Full Gallop Farm,Aiken,SC,29805.0,http://www.fullgallopfarm.com
Intermediate/Preliminary,Full Gallop Farm June Horse Trials,Nilson Moreira da Silva,Fernhill Rock Phantom,33.2,1,0,0,33.2,1,0,5:29,13.6,46.8,1,06/15/2019-06/16/2019,6/15/19,6/16/19,6/15/19,6/16/19,False,Full Gallop Farm March  ,Full Gallop Farm June Horse Trials,3,-81.58405,33.57045,3828 Wagener Rd.,Full Gallop Farm,Aiken,SC,29805.0,http://www.fullgallopfarm.com/
Dressage test beg nov b,Full Gallop Farm June Schooling Show,Katie Cummings,FGF Monongah,37,1, ,0:00, , , , , , , ,06/02/2019-06/02/2019,6/2/19,6/2/19,6/2/19,6/2/19,True,Full Gallop Farm March  ,Full Gallop Farm June Schooling Show,3,-81.58405,33.57045,3828 Wagener Rd.,Full Gallop Farm,Aiken,SC,29805.0,http://www.fullgallopfarm.com/
Preliminary,Full Gallop Farm March H.T.,Ashley MacVaugh,Reuben Rialto,27.2,1,0,0,27.2,1,0,5:01,0.8,28,1,03/07/2020-03/08/2020,3/7/20,3/8/20,3/7/20,3/8/20,False,Full Gallop Farm March I   ,Full Gallop Farm March H.T.,3,-81.58405,33.57045,3828 Wagener Rd.,Full Gallop Farm,Aiken,SC,29805.0,http://www.fullgallopfarm.com/
Intermediate,Full Gallop Farm March I HT,Monica Fiss,Malibu Rock,41.9,1,0,0,41.9,1,0,5:18,5.6,47.5,1,03/09/2019-03/10/2019,3/9/19,3/10/19,3/9/19,3/10/19,False,Full Gallop Farm March II  ,Full Gallop Farm March I HT,3,-81.58405,33.57045,3828 Wagener Rd.,Full Gallop Farm,Aiken,SC,29805.0,http://www.fullgallopfarm.com/
Intermediate,Full Gallop Farm March II H.T. (2019),Cierra  Daratony,Rio De Janeiro,40.3,1,0,0,40.3,1,0,5:11,2.8,43.1,1,03/31/2019-03/31/2019,3/31/19,3/31/19,3/31/19,3/31/19,True,Full Gallop Farm Mid February  ,Full Gallop Farm March II H.T. (2019),3,-81.58405,33.57045,3828 Wagener Rd.,Full Gallop Farm,Aiken,SC,29805.0,http://www.fullgallopfarm.com
Preliminary,Full Gallop Farm Nov HT,Magdalena Valenti,Wish I Am,34.8,1-T, , , , , ,0:00, , , ,11/04/2018-11/04/2018,11/4/18,11/4/18,11/4/18,11/4/18,True,Full Gallop Farm November   ,Full Gallop Farm Nov HT,3,-81.58405,33.57045,3828 Wagener Rd.,Full Gallop Farm,Aiken,SC,29805.0,http://www.fullgallopfarm.com
Preliminary,Full Gallop Farm November HT,Susan Thomas,Excel Star Kate,27.2,1,0,0,27.2,1,0,5:13,7.2,34.4,1,11/03/2019-11/03/2019,11/3/19,11/3/19,11/3/19,11/3/19,True,Full Gallop Farm November   ,Full Gallop Farm November HT,3,-81.58405,33.57045,3828 Wagener Rd.,Full Gallop Farm,Aiken,SC,29805.0,http://www.fullgallopfarm.com
Dressage Intro A,Full Gallop Farm Schooling Show (June2020),Brooklyn Noftsinger,Carpo,45,1, ,0:00, , , , , , , ,06/28/2020-06/28/2020,6/28/20,6/28/20,6/28/20,6/28/20,True,Full Gallop Farm November   ,Full Gallop Farm Schooling Show (June2020),3,-81.58405,33.57045,3828 Wagener Rd.,Full Gallop Farm,Aiken,SC,29805.0,http://www.fullgallopfarm.com
Dressage Intermediate A,Full Gallop Farm Schooling Show (March 11),Amy Cobb,FGF Mr. Montificent , , , ,0:00, , , , , , , ,03/11/2020-03/11/2020,3/11/20,3/11/20,3/11/20,3/11/20,True,Full Gallop Farm November   ,Full Gallop Farm Schooling Show (March 11),3,-81.58405,33.57045,3828 Wagener Rd.,Full Gallop Farm,Aiken,SC,29805.0,http://www.fullgallopfarm.com
Preliminary/Training,Full Gallop Farm Schooling Show (May 2020),Lauren Lindsay,FGF Shelby Cobra,39.1,1,4,0,43.1,1,0,4:34,0,43.1,1,05/30/2020-05/30/2020,5/30/20,5/30/20,5/30/20,5/30/20,True,Full Gallop Farm November   ,Full Gallop Farm Schooling Show (May 2020),3,-81.58405,33.57045,3828 Wagener Rd.,Full Gallop Farm,Aiken,SC,29805.0,http://www.fullgallopfarm.com
Open Intermediate,GMHA Festival of Eventing August Horse Trials(Aug ,Anna Loschiavo,Spartacus Q,31.1,1,0,1.6,32.7,1,0,6:07,11.2,43.9,1,08/09/2019-08/11/2019,8/9/19,8/11/19,8/9/19,8/11/19,False,GMHA ,GMHA Festival of Eventing August Horse Trials(Aug ,1,-72.53926,43.55708,5491 South Road,GMHA,South Woodstock,VT,5071.0,http://www.gmhainc.org
Open Intermediate,GMHA Festival of Eventing August Horse Trials(Aug ,Erin Renfroe,Monbeg Myth,40.4,3,8,0,48.4,3,0,6:41,24.8,73.2,2,08/07/2020-08/09/2020,8/7/20,8/9/20,8/7/20,8/9/20,False,GMHA ,GMHA Festival of Eventing August Horse Trials(Aug ,1,-72.53926,43.55708,5491 South Road,GMHA,South Woodstock,VT,5071.0,http://www.gmhainc.org
Prelim Dressage A,Full Gallop February Schooling HT,Molli Giles,Yazoo Expedition,42.2,1, ,0:00, , , , , , , ,02/12/2020-02/12/2020,2/12/20,2/12/20,2/12/20,2/12/20,True,Full Gallop Farm November   ,Full Gallop February Schooling HT,3,-81.58405,33.57045,3828 Wagener Rd.,Full Gallop Farm,Aiken,SC,29805.0,http://www.fullgallopfarm.com
Prelim Dressage A,Full Gallop February Schooling HT,Molli Giles,Yazoo Expedition,42.2,1, ,0:00, , , , , , , ,02/13/2019-02/13/2019,2/13/19,2/13/19,2/13/19,2/13/19,True,Full Gallop Farm November   ,Full Gallop February Schooling HT,3,-81.58405,33.57045,3828 Wagener Rd.,Full Gallop Farm,Aiken,SC,29805.0,http://www.fullgallopfarm.com
Advanced Intermediate,The Summer Event at Woodside (Aug 2020),Andrea Baxter,Indy 500,31.8,4-T,0,5:32,6,37.8,3,0,0.4,38.2,2,08/06/2020-08/09/2020,8/6/20,8/9/20,8/6/20,8/9/20,False,The Summer Event at Woodside ,The Summer Event at Woodside (Aug 2020),6,-122.24548,37.40747,3674 Sand Hill Rd.,Woodside Horse Park,Woodside,CA,94062.0,http://www.woodsideeventing.com
Prelim CT,Full Gallop July 6th Schooling ,Katie Cummings,FGF Boundtobespecial,28.9,1, ,0:00, , , , , , , ,07/06/2019-07/06/2019,7/6/19,7/6/19,7/6/19,7/6/19,True,Full Gallop Farm November   ,Full Gallop July 6th Schooling ,3,-81.58405,33.57045,3828 Wagener Rd.,Full Gallop Farm,Aiken,SC,29805.0,http://www.fullgallopfarm.com
Dressage,Full Gallop March Schooling Show ,Paige May,Day Break,51.5,1, ,0:00, , , , , , , ,03/13/2019-03/13/2019,3/13/19,3/13/19,3/13/19,3/13/19,True,Full Gallop Farm November   ,Full Gallop March Schooling Show ,3,-81.58405,33.57045,3828 Wagener Rd.,Full Gallop Farm,Aiken,SC,29805.0,http://www.fullgallopfarm.com
Dressage CCI** test B,Full Gallop March Schooling Show II ,Sierra Shurtz,Zach Eyed Pea,47.5,1, ,0:00, , , , , , , ,03/24/2019-03/24/2019,3/24/19,3/24/19,3/24/19,3/24/19,True,Full Gallop Farm November   ,Full Gallop March Schooling Show II ,3,-81.58405,33.57045,3828 Wagener Rd.,Full Gallop Farm,Aiken,SC,29805.0,http://www.fullgallopfarm.com
Dressage only - test of choice,Full Moon Farms 2019 Spring Thing,Dane Mallon,Helios, , , ,0:00, , , , , , , ,04/07/2019-04/07/2019,4/7/19,4/7/19,4/7/19,4/7/19,True,Full Moon Farms  ,Full Moon Farms 2019 Spring Thing,2,-76.91386,39.4572,4326 Louisville Rd,Full Moon Farm,Finksburg,MD,21048.0,http://fullmoonfarm.com/
CCI Two Star,Horse Park of New Jersey H.T. II,Erin Kanara,Plouescat Gold,29.7,5,4,0,33.7,3,0,5:10,0,33.7,2,07/24/2020-07/26/2020,7/24/20,7/26/20,7/24/20,7/26/20,False,Horse Park of New Jersey ,Horse Park of New Jersey H.T. II,2,-74.49821,40.19321,626 Rte 524,The Horsepark of New Jersey,Allentown,NJ,8501.0,http://www.horseparkofnewjersey.com
Dressage Test of Choice,Stableview Eventing Academy- July,Deborah Wells Howell,Chilli,56.72,1, ,0:00, , , , , , , ,07/19/2020-07/19/2020,7/19/20,7/19/20,7/19/20,7/19/20,True,Stable View Summer   ,Stableview Eventing Academy- July,3,-81.79998,33.648590000000006,117 Stable Dr,Stable View Farm,Aiken,SC,29801.0,http://stableviewfarm.com
Open Training-A,Silverwood Farm Summer Horse Trials,Mark Ward,Purple Rain,26,1,0,0,26,1,0,4:44,0,26,1,07/20/2019-07/20/2019,7/20/19,7/20/19,7/20/19,7/20/19,True,Silverwood Farm Spring  ,Silverwood Farm Summer Horse Trials,4,-88.15521,42.535470000000004,28426 98th Street,Silverwood Farm,Trevor,WI,53179.0,http://www.silverwoodfarm.net/
Advanced,Galway Downs Horse Trials (July 2020),Erin R. Kellerhouse,Woodford Reserve,27.9,6,0,2.8,30.7,3,0,6:28,6.4,37.1,1,07/17/2020-07/19/2020,7/17/20,7/19/20,7/17/20,7/19/20,False,Galway Downs,Galway Downs Horse Trials (July 2020),6,-117.03396000000001,33.48728,38801 Los Corralitos Rd,Galway Downs,Temecula,CA,92592.0,http://www.galwaydowns.net
CCI Two Star Long,Galway Downs International Event & H.T. (Nov 2019),David Koss,Stunner,25.8,1,0,7:01,0.4,26.2,1,4,0,30.2,1,10/31/2019-11/03/2019,10/31/19,11/3/19,10/31/19,11/3/19,False,Galway Downs,Galway Downs International Event & H.T. (Nov 2019),6,-117.03396000000001,33.48728,38801 Los Corralitos Rd,Galway Downs,Temecula,CA,92592.0,http://www.galwaydowns.net
CCI Two Star Short,Galway Downs International Event and H.T. (2019),Meg Pellegrini,RF Eloquence,26.8,1,0,0,26.8,1,0,5:33,0,26.8,1,03/29/2019-03/31/2019,3/29/19,3/31/19,3/29/19,3/31/19,False,Galway Downs International  ,Galway Downs International Event and H.T. (2019),6,-117.03396000000001,33.48728,38801 Los Corralitos Rd,Galway Downs,Temecula,CA,92592.0,http://www.galwaydowns.net
Open Intermediate,Poplar Place Farm May H.T.(JULY 2020),Kate Brown,Victor Z,28.6,1-T,0,6:19,16,44.6,1,0,0.4,45,1,07/11/2020-07/12/2020,7/11/20,7/12/20,7/11/20,7/12/20,False,Poplar Place Farm June  ,Poplar Place Farm May H.T.(JULY 2020),3,-84.86506999999999,32.7023,8191 US Highway 27 E,Poplar Place Farm,Hamilton,GA,31811.0,http://www.poplarplacefarm.com/
Advanced / Intermediate,Galway Downs Spring Horse Trials (2019),Emilee Libby,Jakobi,32.9,1,0,5:21,5.6,38.5,1,0,0,38.5,1,05/10/2019-05/12/2019,5/10/19,5/12/19,5/10/19,5/12/19,False,Galway Downs International Event &  ,Galway Downs Spring Horse Trials (2019),6,-117.03396000000001,33.48728,38801 Los Corralitos Rd,Galway Downs,Temecula,CA,92592.0,http://www.galwaydowns.net
Advanced CT,Galway Downs Winter H.T.(Jan 2020),Erin R. Kellerhouse,Woodford Reserve,28.9,1,0,0.4,29.3,1, ,0:00, , , ,01/31/2020-02/02/2020,1/31/20,2/2/20,1/31/20,2/2/20,False,Galway Downs July  ,Galway Downs Winter H.T.(Jan 2020),6,-117.03396000000001,33.48728,38801 Los Corralitos Rd,Galway Downs,Temecula,CA,92592.0,http://www.galwaydowns.net
Future Event Horse - Yearling,Maryland H.T. at Loch Moy Farm II(Jul 2020),Monica  Fiss,Utah Beach, , , ,0:00, , , , , , , ,07/10/2020-07/12/2020,7/10/20,7/12/20,7/10/20,7/12/20,False,The Maryland   at Loch Moy Farm,Maryland H.T. at Loch Moy Farm II(Jul 2020),2,-77.42949,39.27075,1235 Park Mills Road,Loch Moy Farm,Adamstown,MD,21710.0,http://www.themarylandhorsetrials.com
Open Intermediate,Galway Downs Winter Horse Trials,Auburn Excell-Brady,BSP Tuxedo,32.3,1,8,0,40.3,2,0,5:47,16,56.3,1,02/01/2019-02/03/2019,2/1/19,2/3/19,2/1/19,2/3/19,False,Galway Downs Spring  ,Galway Downs Winter Horse Trials,6,-117.03396000000001,33.48728,38801 Los Corralitos Rd,Galway Downs,Temecula,CA,92592.0,http://www.galwaydowns.net
Advanced-A,Horse Park of New Jersey H.T. I,Phillip Dutton,Z,26.1,1,0,0,26.1,1,0,6:12,6,32.1,1,06/28/2019-06/30/2019,6/28/19,6/30/19,6/28/19,6/30/19,False,Horse Park of New Jersey,Horse Park of New Jersey H.T. I,2,-74.49821,40.19321,626 Rte 524,The Horsepark of New Jersey,Allentown,NJ,8501.0,http://www.horseparkofnewjersey.com
FEH Yearling,Texas Rose Horse Park H.T.,Bobbi Jo Criner,Blue Hurricane , , , ,0:00, , , , , , , ,06/19/2020-06/21/2020,6/19/20,6/21/20,6/19/20,6/21/20,False,Texas Rose Horse Park  ,Texas Rose Horse Park H.T.,5,-95.50305999999999,32.47226,14078 TX-110,Texas Rose Horse Park,Tyler,TX,75704.0,http://www.texasrosehorsepark.com
Modified,Grand Oaks Horse Trials(Jan 2020),Lauren Kieffer,I'll Have Another,22.6,2,0,0,22.6,1,0,5:55,0,22.6,1,01/18/2020-01/19/2020,1/18/20,1/19/20,1/18/20,1/19/20,False,Grand Oaks  ,Grand Oaks Horse Trials(Jan 2020),3,-82.21323000000001,29.40346,17500 N US Hwy 441,Exmoor Farm,Reddick,FL,32686.0,http://www.thegrandoaks.com/
Open Training,Silverwood Farm Spring Horse Trials,Stephanie Caston,London ROF,31.4,6,0,0,31.4,2,0,4:45,4.4,35.8,2,06/13/2020-06/13/2020,6/13/20,6/13/20,6/13/20,6/13/20,True,Silverwood Farm October  ,Silverwood Farm Spring Horse Trials,4,-88.15521,42.535470000000004,28426 98th Street,Silverwood Farm,Trevor,WI,53179.0,http://www.silverwoodfarm.net/
Dressage Test of Choice,Stable View Eventing Academy Schooling HorseTrial,Susan Faulkner,HelloHello,0,1, ,0:00, , , , , , , ,05/23/2020-05/24/2020,5/23/20,5/24/20,5/23/20,5/24/20,False,Stable View Oktoberfest 1/ 2/3/4* and  ,Stable View Eventing Academy Schooling HorseTrial,3,-81.79998,33.648590000000006,117 Stable Dr,Stable View Farm,Aiken,SC,29801.0,http://www.StableViewFarm.com
Open Intermediate,Texas Rose Horse Park H.T.(Mar 2020),Kim Wendel,Happily Twisted, , , ,0:00, , , , , , , ,03/27/2020-03/29/2020,3/27/20,3/29/20,3/27/20,3/29/20,False,Texas Rose Horse Park  ,Texas Rose Horse Park H.T.(Mar 2020),5,-95.50305999999999,32.47226,14078 TX-110,Texas Rose Horse Park,Tyler,TX,75704.0,http://www.texasrosehorsepark.com
NEH,Meadow Creek Park - The Spring Social Event,Jackie Ericksen,Flagmount's Deuce, , , ,0:00, , , , , , , ,03/16/2019-03/17/2019,3/16/19,3/17/19,3/16/19,3/17/19,False,MeadowCreek Park,Meadow Creek Park - The Spring Social Event,5,-96.6406,31.26988,1332 Highway 14 South,Meadowcreek Park,Kosse,TX,76653.0,http://www.MCPTexas.com
NEH,Meadow Creek Park - The Spring Social Event,Kimberly Gardner Taylor,Songoftexas, , , ,0:00, , , , , , , ,03/13/2020-03/15/2020,3/13/20,3/15/20,3/13/20,3/15/20,False,MeadowCreek Park,Meadow Creek Park - The Spring Social Event,5,-96.6406,31.26988,1332 Highway 14 South,Meadowcreek Park,Kosse,TX,76653.0,http://www.MCPTexas.com
Open Intermediate-A,Pine Top Spring Horse Trials,Boyd Martin,On Cue,29,4,0,0,29,3,0,6:16,6.4,35.4,1,03/15/2019-03/17/2019,3/15/19,3/17/19,3/15/19,3/17/19,False,Pine Hill Spring  ,Pine Top Spring Horse Trials,5,-96.23961,29.95875,1720 Hwy 159 East Bellville,Pine Hill,Bellville,TX,77418.0,http://www.pinehilltexas.com/
CCI Two Star,Horse Park of New Jersey H.T. II(July 2019),Lauren Chumley,Atlanta B,32.5,2,0,0,32.5,1,0,5:42,0,32.5,1,07/26/2019-07/28/2019,7/26/19,7/28/19,7/26/19,7/28/19,False,Horse Park of New Jersey   I,Horse Park of New Jersey H.T. II(July 2019),2,-74.49821,40.19321,626 Rte 524,The Horsepark of New Jersey,Allentown,NJ,8501.0,http://www.horseparkofnewjersey.com
Advanced Combined Test,Ocala Winter II H.T.(Mar 2020),Sara Kozumplik Murphy,Enough Already,29.8,3,0,0,29.8,2, ,0:00, , , ,03/12/2020-03/15/2020,3/12/20,3/15/20,3/12/20,3/15/20,False,Ocala Winter I  ,Ocala Winter II H.T.(Mar 2020),3,-82.13986,29.05603,11008 S Hwy 475,Florida Horse Park,Ocala ,FL,34480.0,http://www.flhorsepark.com
Open Preliminary,Horse Trials at Majestic Oaks (Jan 2020),Caroline Martin,Cheranimo,29,4,0,0,29,3,0,5:08,0,29,1,01/11/2020-01/12/2020,1/11/20,1/12/20,1/11/20,1/12/20,False,at Majestic Oaks ,Horse Trials at Majestic Oaks (Jan 2020),3,-82.21323000000001,29.40346,17500 N US Hwy 441,Exmoor Farm,Reddick,FL,32686.0,http://majesticoaksocala.com
CCI Two Star Short,Red Hills International Horse Trial ,Alexander O'Neal,Pauldary's Arctic Tiger,31.3,8,0,5:39,0,31.3,4,0,0,31.3,2,03/06/2020-03/08/2020,3/6/20,3/8/20,3/6/20,3/8/20,False,Red Hills International  ,Red Hills International Horse Trial ,3,-84.30026,30.538529999999998,"Gate B, 1775 Miller Landing Road",Elinor Klapp Phipps Park,Tallahassee,FL,32312.0,http://www.RHHT.org
Preliminary/Training,Hunt Club Farms-Eventing For The Cure!,Karen Conk,Flux Capacitor ,35,1,4,0,39,1,60,5:00,R,R,R,08/31/2019-08/31/2019,8/31/19,8/31/19,8/31/19,8/31/19,True,Hunt Club Farms   ,Hunt Club Farms-Eventing For The Cure!,2,-78.03623,39.19103,294 Longmarsh Rd,Hunt Club Farms,Berryville,VA,22611.0,http://www.huntclubfarms.net
CCI Three Star Long,Jersey Fresh International Three-day Event,Doug Payne,Starr Witness,30.1,3,0,8:12,0,30.1,2,0,0,30.1,1,05/08/2019-05/12/2019,5/8/19,5/12/19,5/8/19,5/12/19,False,Jersey Fresh International ,Jersey Fresh International Three-day Event,2,-74.49821,40.19321,626 Rte 524,The Horsepark of New Jersey,Allentown,NJ,8501.0,http://www.jfi3d.com
Introductory,Kent School Fall H.T.(Oct 2019),Margaret O'Brien,Diamond Alexis,34.4,2,0,0,34.4,1,0,4:09,0,34.4,1,10/06/2019-10/06/2019,10/6/19,10/6/19,10/6/19,10/6/19,True,Kent School Fall  ,Kent School Fall H.T.(Oct 2019),1,-72.7383,41.5735,30 Westwoods Rd.,Kent School,Kent,CT,6359.0,http://www.area1usea.org/Resources/Links/Kent/Kentpage.htm
Intermediate / Preliminary,Three Lakes Winter II HT ,Lauren Kieffer,Get Gaudi,24.8,1,0,0,24.8,1,0,4:53,1.6,26.4,1,02/23/2019-02/24/2019,2/23/19,2/24/19,2/23/19,2/24/19,False,Three Lakes Winter I   at Caudle Ranch,Three Lakes Winter II HT ,3,-81.83154,28.61913,18543 Highway 19,Caudle Ranch,Groveland,FL,34736.0,http://www.threelakesht.com
Intermediate / Preliminary,Three Lakes Winter II HT ,Sinead Maynard,Stakkato Bronx,34.1,2-T,0,0.4,34.5,2,0,5:04,6,40.5,2,02/22/2020-02/23/2020,2/22/20,2/23/20,2/22/20,2/23/20,False,Three Lakes Winter I   at Caudle Ranch,Three Lakes Winter II HT ,3,-81.83154,28.61913,18543 Highway 19,Caudle Ranch,Groveland,FL,34736.0,http://www.threelakesht.com
Advanced Test A-A,Pine Top Advanced Horse Trials,Doug Payne,Starr Witness,23.8,1,0,0,23.8,1,0,6:20,2,25.8,1,02/22/2019-02/24/2019,2/22/19,2/24/19,2/22/19,2/24/19,False,Pine Top Advanced  ,Pine Top Advanced Horse Trials,3,-82.46623000000001,33.45322,1432 Augusta Hwy,Pine Top Farm,Thomson,GA,30824.0,http://www.pinetopfarm.com
Advanced Test A-A,Pine Top Advanced Horse Trials,Tim Bourke,Quality Time,32.5,6,0,0,32.5,4,0,6:30,6,38.5,2,02/21/2020-02/23/2020,2/21/20,2/23/20,2/21/20,2/23/20,False,Pine Top Advanced  ,Pine Top Advanced Horse Trials,3,-82.46623000000001,33.45322,1432 Augusta Hwy,Pine Top Farm,Thomson,GA,30824.0,http://www.pinetopfarm.com
Advanced Test A,Rocking Horse Winter 2 Horse Trials,Lisa Marie Fergusson,Honor Me,31.3,7,0,0,31.3,5,0,6:10,5.6,36.9,1,02/14/2019-02/17/2019,2/14/19,2/17/19,2/14/19,2/17/19,False,Rocking Horse Spring  ,Rocking Horse Winter 2 Horse Trials,3,-81.64143,28.99305,44200 S.R. 19 N,Rocking Horse Farm,Altoona,FL,32702.0,http://www.rockinghorseeventing.com
Advanced Test A,Rocking Horse Winter 2 Horse Trials,Alexandra Knowles,Ms. Poppins,29.8,6,0,0,29.8,4,0,6:21,10,39.8,2,02/13/2020-02/16/2020,2/13/20,2/16/20,2/13/20,2/16/20,False,Rocking Horse Spring  ,Rocking Horse Winter 2 Horse Trials,3,-81.64143,28.99305,44200 S.R. 19 N,Rocking Horse Farm,Altoona,FL,32702.0,http://www.rockinghorseeventing.com
Advanced Combined Test,Long Leaf Pine Horse Trials - CHP,Ariel Grald,Leamore Master Plan,32.7,1, ,0:00, , , , , , , ,04/20/2019-04/21/2019,4/20/19,4/21/19,4/20/19,4/21/19,False,Longleaf Pine  ,Long Leaf Pine Horse Trials - CHP,2,-79.36633,35.01506,2814 Montrose Rd,Carolina Horse Park,Raeford,NC,28376.0,http://www.carolinahorsepark.com/
Open Intermediate,Loudoun Hunt Pony Club Spring Horse Trial (April 2,Cornelia Dorr,Sir Patico MH,29.8,2,0,0,29.8,2,0,5:32,0,29.8,1,04/27/2019-04/28/2019,4/27/19,4/28/19,4/27/19,4/28/19,False,Loudoun Hunt Pony Club Spring  ,Loudoun Hunt Pony Club Spring Horse Trial (April 2,2,-77.55527,39.14542,41793 Tutt Lane,Morven Park Equestrian Center,Leesburg,VA,20176.0,https://loudounhunt.ponyclub.org/pages/334.aspx
Advanced / Intermediate,Pine Top Intermediate Horse Trials,Colleen Loach,Qorry Blue D'Argouges,33.8,4,0,0,33.8,2,0,5:59,7.6,41.4,1,02/08/2019-02/10/2019,2/8/19,2/10/19,2/8/19,2/10/19,False,Pine Top Advanced  ,Pine Top Intermediate Horse Trials,3,-82.46623000000001,33.45322,1432 Augusta Hwy,Pine Top Farm,Thomson,GA,30824.0,http://www.pinetopfarm.com
Advanced / Intermediate,Pine Top Intermediate Horse Trials,Fylicia Barr,Galloway Sunrise,29.8,2,0,2.4,32.2,1,0,6:24,17.6,49.8,2,02/07/2020-02/09/2020,2/7/20,2/9/20,2/7/20,2/9/20,False,Pine Top Advanced  ,Pine Top Intermediate Horse Trials,3,-82.46623000000001,33.45322,1432 Augusta Hwy,Pine Top Farm,Thomson,GA,30824.0,http://www.pinetopfarm.com
Advanced CT,Ocala Winter I Horse Trials,Rebecca Brown,Dassett Choice,28.9,2,0,0,28.9,2, ,0:00, , , ,02/06/2020-02/09/2020,2/6/20,2/9/20,2/6/20,2/9/20,False,Ocala Winter I  ,Ocala Winter I Horse Trials,3,-82.13986,29.05603,11008 S Hwy 475,Florida Horse Park,Ocala ,FL,34480.0,http://www.flhorsepark.com
Intermediate / Preliminary,Three Lakes Winter 1,Maxine Preston,Shannondale Magnum,33.6,5,0,0,33.6,2,0,6:09,14.8,48.4,1,02/02/2019-02/03/2019,2/2/19,2/3/19,2/2/19,2/3/19,False,Three Lakes Winter I   at Caudle Ranch,Three Lakes Winter 1,3,-81.83154,28.61913,18543 Highway 19,Caudle Ranch,Groveland,FL,34736.0,http://www.threelakesht.com
Intermediate / Preliminary,Three Lakes Winter 1,Jennie Jarnstrom,Flower Girl,35.2,6,4,1.2,40.4,7,0,6:05,13.2,53.6,2,02/01/2020-02/02/2020,2/1/20,2/2/20,2/1/20,2/2/20,False,Three Lakes Winter I   at Caudle Ranch,Three Lakes Winter 1,3,-81.83154,28.61913,18543 Highway 19,Caudle Ranch,Groveland,FL,34736.0,http://www.threelakesht.com
Starter,Sporting Days Farm Feb. HT,Heather Sinclair,Force Ten,31.4,2,0,0,31.4,1,0,3:32,0,31.4,1,02/03/2019-02/03/2019,2/3/19,2/3/19,2/3/19,2/3/19,True,Hitching Post Farm  ,Sporting Days Farm Feb. HT,1,-72.56326,43.81005,2096 Back River Rd.,Hitching Post Farm,S. Royalton,VT,5068.0,http://www.hitchingpostfarm.com/
Intermediate Rider,Rocking Horse Winter I H.T.(Jan 2020),Jordan Riske,Redemption Song,37.9,3,4,0,41.9,3,0,5:50,0,41.9,2,01/24/2020-01/26/2020,1/24/20,1/26/20,1/24/20,1/26/20,False,Rocking Horse Winter I  ,Rocking Horse Winter I H.T.(Jan 2020),3,-81.64143,28.99305,44200 S.R. 19 N,Rocking Horse Farm,Altoona,FL,32702.0,http://www.rockinghorseeventing.com/
Modified,Stable View Aiken Opener H.T.,Lisa Borgia,Silmarillion,31.1,8,0,0,31.1,4,0,4:56,0,31.1,2,01/23/2021-01/24/2021,1/23/21,1/24/21,1/23/21,1/24/21,False,Stable View Aiken Opener  ,Stable View Aiken Opener H.T.,3,-81.79998,33.648590000000006,117 Stable Dr,Stable View Farm,Aiken,SC,29801.0,http://www.stableviewfarm.com
Combined Test - Fair Hill Prep 4*,MDHT at Loch Moy Farm Classic BN3 Day Event & H.T.,Marilyn Little,RF Scandalous,25.4,1, ,0:00, , , , , , , ,10/11/2019-10/13/2019,10/11/19,10/13/19,10/11/19,10/13/19,False,The Maryland   at Loch Moy Farm II,MDHT at Loch Moy Farm Classic BN3 Day Event & H.T.,2,-77.42949,39.27075,1235 Park Mills Road,Loch Moy Farm,Adamstown,MD,21710.0,http://www.themarylandhorsetrials.com/
Intermediate CT,Sporting Days Farm Horse Trials IV(Dec 2019),Claire Howard,Euro Star,36.9,2, ,0:00, , , , , , , ,12/07/2019-12/08/2019,12/7/19,12/8/19,12/7/19,12/8/19,False,Sporting Days Farm April   III ,Sporting Days Farm Horse Trials IV(Dec 2019),3,-81.59201,33.521390000000004,3549 Charleston Hwy,Sporting Days Farm,Aiken,SC,29801.0,http://www.sportingdaysfarm.com/
Open Intermediate,Pine Top Thanksgiving Horse Trials,Magdalena Valenti,Wish I Am,33.6,2,0,0,33.6,1,0,6:26,16.4,50,2,11/30/2019-12/01/2019,11/30/19,12/1/19,11/30/19,12/1/19,False,Pine Top Intermediate  ,Pine Top Thanksgiving Horse Trials,3,-82.46623000000001,33.45322,1432 Augusta Hwy,Pine Top Farm,Thomson,GA,30824.0,http://www.pinetopfarm.com/#home0
Beginner Novice - Horse Trial-A,Stable View Schooling Horse Trial(November),Tiffani Loudon Meetze ,Cooley,31.1,3,0,0,31.1,2,0,4:59,0,31.1,2,11/17/2019-11/17/2019,11/17/19,11/17/19,11/17/19,11/17/19,True,Stable View Summer   ,Stable View Schooling Horse Trial(November),3,-81.79998,33.648590000000006,117 Stable Dr,Stable View Farm,Aiken,SC,29801.0,http://stableviewfarm.com
CCI Four Star - Short,Ocala Jockey Club International 3-Day Event,Jessica Phoenix,Bogue Sound,39.9,13,0,0.8,40.7,7,0,7:14,2.4,43.1,2,11/14/2019-11/17/2019,11/14/19,11/17/19,11/14/19,11/17/19,False,Ocala International Festival of Eventing,Ocala Jockey Club International 3-Day Event,3,-82.13986,29.05603,11008 S Hwy 475,Florida Horse Park,Ocala ,FL,34480.0,http://www.flhorsepark.com
Advanced,Millbrook H.T.(Aug 2019),Will Faudree,PFun,29.1,6,0,6:12,0,29.1,1,0,0,29.1,1,08/01/2019-08/04/2019,8/1/19,8/4/19,8/1/19,8/4/19,False,Millbrook  ,Millbrook H.T.(Aug 2019),1,-73.61338,41.86105,1031 Bangall-Amenia Rd,Riga Meadow at Coole Park,Millbrook,NY,12545.0,http://www.millbrookhorsetrials.com/
Intermediate/Preliminary,Majestic Oaks Horse Trials,Shanon Baker,Carlingford Wells,32.1,1,0,TE,TE,TE,0,5:26,TE,TE,TE,01/12/2019-01/13/2019,1/12/19,1/13/19,1/12/19,1/13/19,False, Horse Trials at Majestic Oaks,Majestic Oaks Horse Trials,3,-82.21323000000001,29.40346,17500 N US Hwy 441,Exmoor Farm,Reddick,FL,32686.0,http://www.MajesticOaksOcala.com
CCI Two Star-A,Morven Park Fall International H.T. & CCIS-2/3/4*,Jackie LeMastus,Lup The Loop,28,1,0,0,28,1,0,5:15,0,28,1,10/04/2019-10/06/2019,10/4/19,10/6/19,10/4/19,10/6/19,False,Morven Park Fall International   & CCIS,Morven Park Fall International H.T. & CCIS-2/3/4*,2,-77.55527,39.14542,41793 Tutt Lane,Morven Park Equestrian Center,Leesburg,VA,20176.0,http://www.morvenpark.org
Open Intermediate,Morven Park Spring Horse Trials,Boyd Martin,Ray Price,30.2,1,0,0,30.2,1,0,5:47,0,30.2,1,11/14/2020-11/15/2020,11/14/20,11/15/20,11/14/20,11/15/20,False,Morven Park Spring  ,Morven Park Spring Horse Trials,2,-77.55527,39.14542,41793 Tutt Lane,Morven Park Equestrian Center,Leesburg,VA,20176.0,http://www.morvenpark.org
Open Intermediate,Morven Park Spring Horse Trials,Boyd Martin,Ray Price,30.2,1,0,0,30.2,1,0,5:47,0,30.2,1,03/30/2019-03/31/2019,3/30/19,3/31/19,3/30/19,3/31/19,False,Morven Park Spring  ,Morven Park Spring Horse Trials,2,-77.55527,39.14542,41793 Tutt Lane,Morven Park Equestrian Center,Leesburg,VA,20176.0,http://www.morvenpark.org
Combined Test,Waredaca Classic Horse Trials,Taylor Symon,Breaking Boundaries,44.1,1, ,0:00, , , , , , , ,10/24/2019-10/27/2019,10/24/19,10/27/19,10/24/19,10/27/19,False,Waredaca  ,Waredaca Classic Horse Trials,2,-77.08061,39.23332,4015 Damascus Rd,Waredaca Equestrian Facility,Laytonsville,MD,20882.0,http://www.waredaca.com
CCI Two Star,Ocala International 3-Day Festival of Eventing,Lauren Kieffer,Get Gaudi,27.7,2,0,7:06,0,27.7,2,0,0,27.7,1,04/10/2019-04/14/2019,4/10/19,4/14/19,4/10/19,4/14/19,False,Ocala International 3-Day Festival of Eventing,Ocala International 3-Day Festival of Eventing,3,-82.13986,29.05603,11008 S Hwy 475,Florida Horse Park,Ocala ,FL,34480.0,http://www.flhorsepark.com
Advanced Combined Test,War Horse Event Series (October 2019),Nobie Cannon,Bust A Groove,31.3,1,0,0,31.3,1, ,0:00, , , ,10/13/2019-10/13/2019,10/13/19,10/13/19,10/13/19,10/13/19,True,War Horse Event Series October  ,War Horse Event Series (October 2019),2,-79.36633,35.01506,2814 Montrose Rd,Carolina Horse Park,Raeford,NC,28376.0,http://www.carolinahorsepark.com/
Advanced Combined Test,Ocala Winter I H.T. ,Elisabeth Halliday-Sharp,Deniro Z,25.2,2-T,0,0,25.2,1, ,0:00, , , ,02/07/2019-02/10/2019,2/7/19,2/10/19,2/7/19,2/10/19,False,Ocala Summer II  ,Ocala Winter I H.T. ,3,-82.13986,29.05603,11008 S Hwy 475,Florida Horse Park,Ocala ,FL,34480.0,https://flhorsepark.com/ocala-eventing-series/
Preliminary-A,Windridge Farm Fall HT,Kimberly Steinbuch,PDQ Leigh,25,1,0,2,27,1,0,6:21,25.2,52.2,2,10/05/2019-10/06/2019,10/5/19,10/6/19,10/5/19,10/6/19,False,WindRidge Farm Fall   ,Windridge Farm Fall HT,2,-81.82851,35.227470000000004,882 Goodes Creek Church Rd,Windridge Farm,Mooresboro,NC,28114.0,http://www.WindridgeFarmsNC.com
Advanced Combined Test,Ocala Winter II Horse Trials,Alexa Lapp,Cambalda,31.9,1,4,0,35.9,1, ,0:00, , , ,03/14/2019-03/17/2019,3/14/19,3/17/19,3/14/19,3/17/19,False,Ocala Winter II  ,Ocala Winter II Horse Trials,3,-82.13986,29.05603,11008 S Hwy 475,Florida Horse Park,Ocala ,FL,34480.0,http://www.flhorsepark.com
CCI Two Star Short,Woodside International H.T.(Oct 2019),Meg Pellegrini,RF Eloquence,26.9,4,0,0,26.9,2,0,5:40,0,26.9,2,10/03/2019-10/06/2019,10/3/19,10/6/19,10/3/19,10/6/19,False,Woodside International ,Woodside International H.T.(Oct 2019),6,-122.24548,37.40747,3674 Sand Hill Rd.,Woodside Horse Park,Woodside,CA,94062.0,http://www.woodsideeventing.com
4 yr old Young Event Horse,Surefire Horse Trials,Kimmy Cecere,Landmark's Jungle Gold, , , ,0:00, , , , , , , ,09/28/2019-09/29/2019,9/28/19,9/29/19,9/28/19,9/29/19,False,Surefire Farm  ,Surefire Horse Trials,2,-77.76337,39.050340000000006,20490 St Louis Rd,Surefire Farm,Purcelville,VA,20132.0,http://www.surefireeventing.com/
Intermediate/Preliminary,Otter Creek Spring H.T.(May 2019),Greta Schwickert,FE Charles Owen,31.6,1,0,6:17,6.8,38.4,1,0,W,W,W,05/17/2019-05/19/2019,5/17/19,5/19/19,5/17/19,5/19/19,False,Otter Creek Spring  ,Otter Creek Spring H.T.(May 2019),4,-91.89656,45.10324,Otter Creek Farm 1170th Ave,Otter Creek Farm,Wheeler,WI,54772.0,http://www.ottercreekfarm.com/
Starter - Friday,Paradise Farm Horse Trials (February 2019),Aaron S Hill,Denali,34.7,1,0,0,34.7,1,0,1:00,0,34.7,1,02/15/2019-02/17/2019,2/15/19,2/17/19,2/15/19,2/17/19,False,Paradise Farm   ,Paradise Farm Horse Trials (February 2019),3,-81.55785,33.57801,4069 Wagener Rd.,Paradise Farm,Aiken,SC,29805.0,http://www.paradisefarmaiken.com
CCI Two Star Short-A,Plantation Field International,Lauren Kieffer,Get Gaudi,21.3,1,0,5:47,0,21.3,1,4,0,25.3,2,09/18/2019-09/22/2019,9/18/19,9/22/19,9/18/19,9/22/19,False,Plantation Field April  ,Plantation Field International,2,-75.78744,39.90874,450 Apple Grove Rd.,Plantation Field,Coatesville,PA,19320.0,http://www.plantationfield.com
Open Intermediate,Plantation Field H.T.(June 2019),Kristine Burgess,Twoggeron,34.7,2,4,1.2,39.9,3,0,5:49,1.2,41.1,1,06/08/2019-06/08/2019,6/8/19,6/8/19,6/8/19,6/8/19,True,Plantation Field  ,Plantation Field H.T.(June 2019),2,-75.78744,39.90874,450 Apple Grove Rd.,Plantation Field,Coatesville,PA,19320.0,http://www.Plantationfield.com
Training Horse,Plantation Field June Starter Horse Trials,Lillian Heard,Chilly,26.2,1,0,0,26.2,1,0,1:00,0,26.2,1,06/07/2020-06/07/2020,6/7/20,6/7/20,6/7/20,6/7/20,True,Plantation Field International CCI-S,Plantation Field June Starter Horse Trials,2,-75.78744,39.90874,450 Apple Grove Rd.,Plantation Field,Coatesville,PA,19320.0,http://plantationfield.com
Training Horse,Plantation Field June Starter Horse Trials,Lillian Heard,Chilly,26.2,1,0,0,26.2,1,0,1:00,0,26.2,1,06/09/2019-06/09/2019,6/9/19,6/9/19,6/9/19,6/9/19,True,Plantation Field International CCI-S,Plantation Field June Starter Horse Trials,2,-75.78744,39.90874,450 Apple Grove Rd.,Plantation Field,Coatesville,PA,19320.0,http://plantationfield.com
Open Preliminary,Town Hill Farm Horse Trials(Aug 2019),Booli Selmayr,Urania,29.6,2,0,0,29.6,1,0,5:58,5.6,35.2,2,08/23/2019-08/25/2019,8/23/19,8/25/19,8/23/19,8/25/19,False,Town Hill Farm  ,Town Hill Farm Horse Trials(Aug 2019),1,-73.43115999999999,41.936809999999994,55 Lime Rock Rd (Rt. 112),Town Hill Farm,Lakeville,CT,6039.0,http://www.townhillfarm.com
Intermediate Championships,Poplar Place Farm June HT & Area Championships,Kate Brown,Victor Z,30.5,2,0,6:29,5.6,36.1,1,0,0,36.1,1,05/31/2019-06/02/2019,5/31/19,6/2/19,5/31/19,6/2/19,False,Poplar Place Farm   ,Poplar Place Farm June HT & Area Championships,3,-84.86506999999999,32.7023,8191 US Highway 27 E,Poplar Place Farm,Hamilton,GA,31811.0,http://www.poplarplacefarm.com/
Intermediate / Preliminary,Poplar Place March Horse Trials (2019),Werner Geven,L'Avventura,31,2,0,5:30,0,31,1,4,0,35,1,3/23/19,3/23/19,,3/23/19,,False,Poplar Place Farm March  ,Poplar Place March Horse Trials (2019),3,-84.86506999999999,32.7023,8191 US Highway 27 E,Poplar Place Farm,Hamilton,GA,31811.0,http://www.poplarplacefarm.com/
CCI Two Star Short,Red Hills International Horse Trial (March 2019),Lynn Symansky,Global Cassero 3,25.2,1,0,5:52,0,25.2,1,0,0,25.2,1,03/06/2019-03/08/2019,3/6/19,3/8/19,3/6/19,3/8/19,False,Red Hills International  ,Red Hills International Horse Trial (March 2019),3,-84.30026,30.538529999999998,"Gate B, 1775 Miller Landing Road",Elinor Klapp Phipps Park,Tallahassee,FL,32312.0,http://www.RHHT.org
Intermediate Rider,Rocking Horse Winter 1 HT,Nita Sanfilippo,Alarmabull,31.6,2,0,0,31.6,2,0,5:36,0,31.6,1,01/25/2019-01/27/2019,1/25/19,1/27/19,1/25/19,1/27/19,False,Rocking Horse III  ,Rocking Horse Winter 1 HT,3,-81.64143,28.99305,44200 S.R. 19 N,Rocking Horse Farm,Altoona,FL,32702.0,http://www.rockinghorseeventing.com
Junior Preliminary Rider,Stable View Summer Horse Trials,Colette Leber,Willie Wiggins,35.9,4,4,0,39.9,4,0,4:25,0,39.9,2,06/22/2019-06/22/2019,6/22/19,6/22/19,6/22/19,6/22/19,True,Stable View Summer   ,Stable View Summer Horse Trials,3,-81.79998,33.648590000000006,117 Stable Dr,Stable View Farm,Aiken,SC,29801.0,http://stableviewfarm.com
Intermediate,Stable View Spring Horse Trials,Erin Risso,Cobble Creek,31.7,2,12,0,43.7,3,0,5:57,0,43.7,2,6/6/19,6/6/19,,6/6/19,,False,Designer Builders Stable View Spring CCI-S,Stable View Spring Horse Trials,3,-81.79998,33.648590000000006,117 Stable Dr,Stable View Farm,Aiken,SC,29801.0,http://StableViewFarm.com
Dressage Test of Choice,Stable View Schooling Horse Trial,Madigan Murphy,Casofino,31.1,1, ,0:00, , , , , , , ,04/14/2019-04/14/2019,4/14/19,4/14/19,4/14/19,4/14/19,True,Stable View Summer   ,Stable View Schooling Horse Trial,3,-81.79998,33.648590000000006,117 Stable Dr,Stable View Farm,Aiken,SC,29801.0,http://stableviewfarm.com
Modified,Stable View Spring Horse Trials (2019),Nicholas Hinze,Dakota Blues,28.9,2,4,0,32.9,1,0,4:48,0,32.9,1,03/19/2019-03/19/2019,3/19/19,3/19/19,3/19/19,3/19/19,True,Stable View Summer   ,Stable View Spring Horse Trials (2019),3,-81.79998,33.648590000000006,117 Stable Dr,Stable View Farm,Aiken,SC,29801.0,http://stableviewfarm.com
CCI Two Star Short,The Fork at Tryon (April 2019),Ryan Wood,Ruby,33,2,4,0,37,3,0,5:08,0,37,1,04/03/2019-04/07/2019,4/3/19,4/7/19,4/3/19,4/7/19,False,The Fork at TIEC ,The Fork at Tryon (April 2019),2,-82.0669,35.28265,4066 Pea Ridge Rd,Tryon International Equestrian Center,Mill Spring,NC,28756.0,http://www.tryon.com
