Event,Start_Datetime,End_Datetime,Lon,Lat,Datetime-1,Datetime-2,Datetime-3,Datetime-4,Datetime-5,Datetime-6,Datetime-7,temp-start,precip-start,wspd-start,visibility-start,humidity-start,cloudcover-start,wgust-start,sealevelpressure-start,stationinfo-start,moonphase-start,temp-end,precip-end,wspd-end,visibility-end,humidity-end,cloudcover-end,wgust-end,sealevelpressure-end,stationinfo-end,moonphase-end,precip-1,precip-2,precip-3,precip-4,precip-5,precip-6,precip-7
Full Moon Farms H.T.(Nov 2020),2020-11-08,2020-11-08,-76.91386,39.4572,2020-11-07,2020-11-06,2020-11-05,2020-11-04,2020-11-03,2020-11-02,2020-11-01,,,,,,,,,,,59.9,0.0,4.9,9.8,71.58,3.2,,1028.8,"WESTMINSTER CARROLL CO REGIONAL JB POAGE AIRPORT, MD US (Id=72069903724,12.0mi), BALTIMORE WASHINGTON INTERNATIONAL AIRPORT, MD US (Id=72406093721,23.0mi), KBWI (Id=KBWI,23.0mi), GAITHERSBURG, MD (Id=KGAI,24.0mi), GAITHERSBURG MONTGOMERY CO AIR PARK, MD US (Id=72033493764,24.0mi)",0.72,0.0,0.0,0.0,0.0,0.0,0.0,0.19
Apple Knoll Farm H.T.(Sep 2019),2019-09-21,2019-09-21,-70.57221,41.86124,2019-09-20,2019-09-19,2019-09-18,2019-09-17,2019-09-16,2019-09-15,2019-09-14,,,,,,,,,,,66.5,0.0,7.3,9.9,69.66,0.0,,1021.4,"PLYMOUTH MUNICIPAL AIRPORT, MA US (Id=72506454769,8.8mi), KPYM (Id=KPYM,9.1mi), MARSHFIELD MUNICIPAL AIRPORT, MA US (Id=72225664774,17.0mi), KGHG (Id=KGHG,17.0mi), KHYA (Id=KHYA,20.0mi), HYANNIS BARNSTABLE MUNICIPAL AIRPORT, MA US (Id=72506794720,20.0mi)",0.7,0.0,0.0,0.0,0.0,0.0,0.2,0.07
Horse Trials at Majestic Oaks (Nov 2020),2020-11-07,2020-11-07,-82.21323000000002,29.40346,2020-11-06,2020-11-05,2020-11-04,2020-11-03,2020-11-02,2020-11-01,2020-10-31,,,,,,,,,,,74.7,0.0,16.2,9.7,82.77,54.1,26.4,1017.6,"OCALA, FL (Id=KOCF,16.0mi), OCALA JIM TAYLOR FIELD, FL US (Id=72205512861,16.0mi), GAINESVILLE REGIONAL AIRPORT, FL US (Id=74756012816,20.0mi), KGNV (Id=KGNV,21.0mi), INVERNESS AIRPORT, FL US (Id=72473700377,41.0mi), KCGC (Id=KCGC,43.0mi)",0.67,0.0,0.0,0.0,0.0,0.01,0.17,0.0
Apple Knoll Farm H.T.(Sep 2020),2020-09-19,2020-09-19,-70.57221,41.86124,2020-09-18,2020-09-17,2020-09-16,2020-09-15,2020-09-14,2020-09-13,2020-09-12,,,,,,,,,,,52.7,0.0,16.9,9.8,55.65,10.8,27.5,1024.2,"PLYMOUTH MUNICIPAL AIRPORT, MA US (Id=72506454769,8.8mi), KPYM (Id=KPYM,9.1mi), MARSHFIELD MUNICIPAL AIRPORT, MA US (Id=72225664774,17.0mi), KGHG (Id=KGHG,17.0mi), KHYA (Id=KHYA,20.0mi), HYANNIS BARNSTABLE MUNICIPAL AIRPORT, MA US (Id=72506794720,20.0mi)",0.02,0.04,0.0,0.0,0.0,0.0,0.0,0.0
Texas Rose Horse Park Fall HT,2019-11-09,2019-11-09,-119.92303,36.84331,2019-11-08,2019-11-07,2019-11-06,2019-11-05,2019-11-04,2019-11-03,2019-11-02,,,,,,,,,,,58.6,0.0,5.2,7.1,54.55,5.9,,1019.4,"FRESNO YOSEMITE INTERNATIONAL, CA US (Id=72389093193,12.0mi), KFAT (Id=KFAT,12.0mi), MADERA MUNICIPAL AIRPORT, CA US (Id=74504693242,14.0mi), KMAE (Id=KMAE,15.0mi), LEMOORE REEVES NAS, CA US (Id=74702023110,35.0mi), KNLC (Id=KNLC,36.0mi)",0.44,0.0,0.0,0.0,0.0,0.0,0.0,0.0
Barnstaple South Jackpot and 3-Phase (Sept. 24),2020-09-24,2020-09-24,-82.21323000000002,29.40346,2020-09-23,2020-09-22,2020-09-21,2020-09-20,2020-09-19,2020-09-18,2020-09-17,,,,,,,,,,,77.7,0.0,11.5,9.9,77.2,25.4,19.7,1015.2,"OCALA, FL (Id=KOCF,16.0mi), OCALA JIM TAYLOR FIELD, FL US (Id=72205512861,16.0mi), GAINESVILLE REGIONAL AIRPORT, FL US (Id=74756012816,20.0mi), KGNV (Id=KGNV,21.0mi), INVERNESS AIRPORT, FL US (Id=72473700377,41.0mi), KCGC (Id=KCGC,43.0mi)",0.25,0.0,0.01,0.0,0.02,0.09,0.08,0.55
Bath Pony Club Mini Trial,2020-10-04,2020-10-04,-84.5168,38.15169,2020-10-03,2020-10-02,2020-10-01,2020-09-30,2020-09-29,2020-09-28,2020-09-27,,,,,,,,,,,55.7,0.03,14.4,9.9,72.64,68.2,23.0,1020.3,"LEXINGTON BLUEGRASS AIRPORT, KY US (Id=72422093820,9.1mi), KLEX (Id=KLEX,9.6mi), VERSAILLES 3 NNW, KY US (Id=99999963838,13.0mi), KFFT (Id=KFFT,21.0mi), FRANKFORT CAPITAL CITY AIRPORT, KY US (Id=72423353841,21.0mi), MOUNT STERLING MONTGOMERY CO AIRPORT, KY US (Id=72045600146,30.0mi)",0.52,0.0,0.0,0.0,0.01,0.27,0.24,0.0
Bath Pony Club Mini Trial,2020-08-16,2020-08-16,-84.5168,38.15169,2020-08-15,2020-08-14,2020-08-13,2020-08-12,2020-08-11,2020-08-10,2020-08-09,,,,,,,,,,,74.6,0.19,11.0,9.4,78.66,13.2,20.8,1013.8,"LEXINGTON BLUEGRASS AIRPORT, KY US (Id=72422093820,9.1mi), KLEX (Id=KLEX,9.6mi), VERSAILLES 3 NNW, KY US (Id=99999963838,13.0mi), KFFT (Id=KFFT,21.0mi), FRANKFORT CAPITAL CITY AIRPORT, KY US (Id=72423353841,21.0mi), MOUNT STERLING MONTGOMERY CO AIRPORT, KY US (Id=72045600146,30.0mi)",0.95,0.0,0.07,0.0,0.0,0.1,0.88,0.0
Blue Ridge Mountain Horse Trials at TIEC(Sep 2019),2019-09-14,2019-09-14,-82.0669,35.28265,2019-09-13,2019-09-12,2019-09-11,2019-09-10,2019-09-09,2019-09-08,2019-09-07,,,,,,,,,,,75.9,0.09,5.1,8.7,82.03,61.9,,1023.2,"SPARTANBURG DOWNTOWN MEM, SC US (Id=72312699999,26.0mi), SPARTANBURG, SC US (Id=99999993804,26.0mi), SHELBY MUNICIPAL AIRPORT, NC US (Id=72027763843,26.0mi), KSPA (Id=KSPA,27.0mi), GRNVL SPART INTERNATIONAL AIRPORT, SC US (Id=72312003870,27.0mi), KGSP (Id=KGSP,28.0mi)",0.5,0.1,0.0,0.0,0.13,0.0,0.0,0.0
November 5th: Barnstaple Jackpot + 3-Phase,2020-11-05,2020-11-05,-82.21323000000002,29.40346,2020-11-04,2020-11-03,2020-11-02,2020-11-01,2020-10-31,2020-10-30,2020-10-29,,,,,,,,,,,69.9,0.0,12.6,9.8,81.87,35.1,18.9,1023.2,"OCALA, FL (Id=KOCF,16.0mi), OCALA JIM TAYLOR FIELD, FL US (Id=72205512861,16.0mi), GAINESVILLE REGIONAL AIRPORT, FL US (Id=74756012816,20.0mi), KGNV (Id=KGNV,21.0mi), INVERNESS AIRPORT, FL US (Id=72473700377,41.0mi), KCGC (Id=KCGC,43.0mi)",0.59,0.0,0.0,0.01,0.17,0.0,0.01,0.04
Galway Downs International Event & H.T.(Oct 2020),2020-10-28,2020-10-28,-117.03396,33.48728,2020-10-27,2020-10-26,2020-10-25,2020-10-24,2020-10-23,2020-10-22,2020-10-21,,,,,,,,,,,60.7,0.0,8.4,9.7,33.74,0.0,,1017.3,"KF70 (Id=KF70,8.0mi), FALLBROOK 5 NE, CA US (Id=99999953151,9.6mi), KL18 (Id=KL18,16.0mi), HEMET RYAN, CA US (Id=72068799999,17.0mi), CAMP PENDLETON MCAS, CA US (Id=72292603154,22.0mi), KNFG (Id=KNFG,23.0mi)",0.44,0.0,0.0,0.06,0.0,0.0,0.0,0.0
Catalpa Corner Charity Horse Trial,2019-08-03,2019-08-03,-91.41017,41.71473,2019-08-02,2019-08-01,2019-07-31,2019-07-30,2019-07-29,2019-07-28,2019-07-27,,,,,,,,,,,76.8,0.0,8.4,9.9,54.94,0.0,12.8,1018.5,"KIOW (Id=KIOW,8.9mi), IOWA CITY MUNICIPAL AIRPORT, IA US (Id=72546214937,8.9mi), KCID (Id=KCID,19.0mi), CEDAR RAPIDS MUNICIPAL AIRPORT, IA US (Id=72545014990,20.0mi), KAWG (Id=KAWG,33.0mi), WASHINGTON MUNICIPAL AIRPORT, IA US (Id=72545404903,33.0mi)",0.03,0.0,0.0,0.0,0.0,0.2,0.01,0.03
Chattahoochee Hills H.T.(Oct 2020),2020-10-24,2020-10-24,-84.71646,33.63024,2020-10-23,2020-10-22,2020-10-21,2020-10-20,2020-10-19,2020-10-18,2020-10-17,,,,,,,,,,,68.2,2.75,6.6,7.9,89.36,72.5,18.3,1015.2,"ATLANTA FULTON CO AIRPORT, GA US (Id=72219503888,15.0mi), KFTY (Id=KFTY,15.0mi), ATLANTA HARTSFIELD INTERNATIONAL AIRPORT, GA US (Id=72219013874,16.0mi), KATL (Id=KATL,17.0mi), KFFC (Id=KFFC,21.0mi), PEACHTREE CITY FALCON FIELD, GA US (Id=72219753819,21.0mi)",0.27,0.0,0.0,0.0,0.0,0.0,0.0,0.0
Grand Oaks Horse Trials,2019-11-23,2019-11-23,-82.21323000000002,29.40346,2019-11-22,2019-11-21,2019-11-20,2019-11-19,2019-11-18,2019-11-17,2019-11-16,,,,,,,,,,,64.1,0.14,13.4,8.7,79.56,25.5,19.7,1015.9,"OCALA, FL (Id=KOCF,16.0mi), OCALA JIM TAYLOR FIELD, FL US (Id=72205512861,16.0mi), GAINESVILLE REGIONAL AIRPORT, FL US (Id=74756012816,20.0mi), KGNV (Id=KGNV,21.0mi), INVERNESS AIRPORT, FL US (Id=72473700377,41.0mi), KCGC (Id=KCGC,43.0mi)",0.92,0.0,0.0,0.0,0.0,0.0,0.0,0.01
Grand Oaks Horse Trials,2019-01-18,2019-01-18,-82.21323000000002,29.40346,2019-01-17,2019-01-16,2019-01-15,2019-01-14,2019-01-13,2019-01-12,2019-01-11,,,,,,,,,,,58.7,0.01,5.7,9.9,67.7,33.8,,1021.4,"OCALA, FL (Id=KOCF,16.0mi), OCALA JIM TAYLOR FIELD, FL US (Id=72205512861,16.0mi), GAINESVILLE REGIONAL AIRPORT, FL US (Id=74756012816,20.0mi), KGNV (Id=KGNV,21.0mi), INVERNESS AIRPORT, FL US (Id=72473700377,41.0mi), KCGC (Id=KCGC,43.0mi)",0.43,0.0,0.0,0.0,0.0,0.11,0.0,0.0
Waredaca Classic Horse Trials (Oct 2020),2020-10-22,2020-10-22,-77.08061,39.23332,2020-10-21,2020-10-20,2020-10-19,2020-10-18,2020-10-17,2020-10-16,2020-10-15,,,,,,,,,,,66.3,0.01,7.9,5.5,86.25,30.1,,1024.6,"GAITHERSBURG, MD (Id=KGAI,6.5mi), GAITHERSBURG MONTGOMERY CO AIR PARK, MD US (Id=72033493764,6.5mi), BALTIMORE WASHINGTON INTERNATIONAL AIRPORT, MD US (Id=72406093721,22.0mi), KBWI (Id=KBWI,22.0mi), WESTMINSTER CARROLL CO REGIONAL JB POAGE AIRPORT, MD US (Id=72069903724,26.0mi), KDCA (Id=KDCA,27.0mi)",0.17,0.0,0.0,0.0,0.0,0.0,0.1,0.0
Chattahoochee Hills H.T. (April 2019),2019-04-05,2019-04-05,-84.70005,33.63993,2019-04-04,2019-04-03,2019-04-02,2019-04-01,2019-03-31,2019-03-30,2019-03-29,,,,,,,,,,,64.3,0.18,11.0,9.2,79.92,71.4,,1018.0,"ATLANTA FULTON CO AIRPORT, GA US (Id=72219503888,14.0mi), KFTY (Id=KFTY,14.0mi), ATLANTA HARTSFIELD INTERNATIONAL AIRPORT, GA US (Id=72219013874,15.0mi), KATL (Id=KATL,16.0mi), KFFC (Id=KFFC,21.0mi), PEACHTREE CITY FALCON FIELD, GA US (Id=72219753819,21.0mi)",1.0,0.06,0.0,0.0,0.0,0.11,0.0,0.0
Chattahoochee Hills H.T. (Aug 2019),2019-08-30,2019-08-30,-84.70005,33.63993,2019-08-29,2019-08-28,2019-08-27,2019-08-26,2019-08-25,2019-08-24,2019-08-23,,,,,,,,,,,76.4,0.0,13.3,9.9,56.03,5.5,18.3,1018.6,"ATLANTA FULTON CO AIRPORT, GA US (Id=72219503888,14.0mi), KFTY (Id=KFTY,14.0mi), ATLANTA HARTSFIELD INTERNATIONAL AIRPORT, GA US (Id=72219013874,15.0mi), KATL (Id=KATL,16.0mi), KFFC (Id=KFFC,21.0mi), PEACHTREE CITY FALCON FIELD, GA US (Id=72219753819,21.0mi)",1.0,0.0,0.0,0.42,0.21,0.0,0.21,0.02
Stable View Eventing Academy Schooling H.T.,2020-08-09,2020-08-09,-81.79998,33.64859000000001,2020-08-08,2020-08-07,2020-08-06,2020-08-05,2020-08-04,2020-08-03,2020-08-02,,,,,,,,,,,81.2,0.0,11.6,9.5,73.83,3.9,17.2,1019.8,"KAIK (Id=KAIK,6.3mi), AIKEN MUNICIPAL AIRPORT, SC US (Id=72060100193,6.7mi), KDNL (Id=KDNL,19.0mi), AUGUSTA DANIEL FIELD AIRPORT, GA US (Id=72218113837,19.0mi), AUGUSTA BUSH FIELD AIRPORT, GA US (Id=72218003820,22.0mi), KAGS (Id=KAGS,22.0mi)",0.63,0.06,0.9,0.55,1.68,0.1,1.11,0.3
Stable View Eventing Academy Schooling H.T.,2020-02-17,2020-02-17,-81.79998,33.64859000000001,2020-02-16,2020-02-15,2020-02-14,2020-02-13,2020-02-12,2020-02-11,2020-02-10,,,,,,,,,,,50.8,0.0,6.4,7.8,87.59,90.8,,1020.6,"KAIK (Id=KAIK,6.3mi), AIKEN MUNICIPAL AIRPORT, SC US (Id=72060100193,6.7mi), KDNL (Id=KDNL,19.0mi), AUGUSTA DANIEL FIELD AIRPORT, GA US (Id=72218113837,19.0mi), AUGUSTA BUSH FIELD AIRPORT, GA US (Id=72218003820,22.0mi), KAGS (Id=KAGS,22.0mi)",0.81,0.29,0.0,0.0,0.47,0.0,0.05,0.0
Stable View Eventing Academy Schooling H.T.,2019-10-20,2019-10-20,-81.79998,33.64859000000001,2019-10-19,2019-10-18,2019-10-17,2019-10-16,2019-10-15,2019-10-14,2019-10-13,,,,,,,,,,,62.8,0.68,9.6,8.3,89.3,39.8,,1009.2,"KAIK (Id=KAIK,6.3mi), AIKEN MUNICIPAL AIRPORT, SC US (Id=72060100193,6.7mi), KDNL (Id=KDNL,19.0mi), AUGUSTA DANIEL FIELD AIRPORT, GA US (Id=72218113837,19.0mi), AUGUSTA BUSH FIELD AIRPORT, GA US (Id=72218003820,22.0mi), KAGS (Id=KAGS,22.0mi)",0.67,1.3,0.0,0.0,0.15,0.22,0.05,0.43
Stable View Eventing Academy Schooling H.T.,2019-07-21,2019-07-21,-81.79998,33.64859000000001,2019-07-20,2019-07-19,2019-07-18,2019-07-17,2019-07-16,2019-07-15,2019-07-14,,,,,,,,,,,84.0,0.0,12.0,9.9,61.91,16.6,19.2,1016.5,"KAIK (Id=KAIK,6.3mi), AIKEN MUNICIPAL AIRPORT, SC US (Id=72060100193,6.7mi), KDNL (Id=KDNL,19.0mi), AUGUSTA DANIEL FIELD AIRPORT, GA US (Id=72218113837,19.0mi), AUGUSTA BUSH FIELD AIRPORT, GA US (Id=72218003820,22.0mi), KAGS (Id=KAGS,22.0mi)",0.57,0.0,0.01,0.01,0.0,0.01,0.0,0.0
Stable View Eventing Academy Schooling H.T.,2019-05-12,2019-05-12,-81.79998,33.64859000000001,2019-05-11,2019-05-10,2019-05-09,2019-05-08,2019-05-07,2019-05-06,2019-05-05,,,,,,,,,,,67.4,0.48,10.9,9.6,96.66,61.1,21.9,1009.9,"KAIK (Id=KAIK,6.3mi), AIKEN MUNICIPAL AIRPORT, SC US (Id=72060100193,6.7mi), KDNL (Id=KDNL,19.0mi), AUGUSTA DANIEL FIELD AIRPORT, GA US (Id=72218113837,19.0mi), AUGUSTA BUSH FIELD AIRPORT, GA US (Id=72218003820,22.0mi), KAGS (Id=KAGS,22.0mi)",0.25,0.31,0.19,0.0,0.0,0.0,0.0,1.53
Stable View Eventing Academy Schooling H.T.,2019-02-24,2019-02-24,-81.79998,33.64859000000001,2019-02-23,2019-02-22,2019-02-21,2019-02-20,2019-02-19,2019-02-18,2019-02-17,,,,,,,,,,,58.2,0.15,20.8,6.6,66.84,44.5,31.7,1014.8,"KAIK (Id=KAIK,6.3mi), AIKEN MUNICIPAL AIRPORT, SC US (Id=72060100193,6.7mi), KDNL (Id=KDNL,19.0mi), AUGUSTA DANIEL FIELD AIRPORT, GA US (Id=72218113837,19.0mi), AUGUSTA BUSH FIELD AIRPORT, GA US (Id=72218003820,22.0mi), KAGS (Id=KAGS,22.0mi)",0.63,0.0,0.0,0.0,0.17,0.08,0.07,0.01
Stable View Eventing Academy Schooling H.T.,2020-12-13,2020-12-13,-81.79998,33.64859000000001,2020-12-12,2020-12-11,2020-12-10,2020-12-09,2020-12-08,2020-12-07,2020-12-06,,,,,,,,,,,62.1,0.01,9.3,9.1,86.56,79.3,,1017.6,"KAIK (Id=KAIK,6.3mi), AIKEN MUNICIPAL AIRPORT, SC US (Id=72060100193,6.7mi), KDNL (Id=KDNL,19.0mi), AUGUSTA DANIEL FIELD AIRPORT, GA US (Id=72218113837,19.0mi), AUGUSTA BUSH FIELD AIRPORT, GA US (Id=72218003820,22.0mi), KAGS (Id=KAGS,22.0mi)",0.98,0.0,0.0,0.0,0.0,0.0,0.32,0.01
Chattahoochee Hills H.T. (Aug 2020),2020-08-29,2020-08-29,-84.70005,33.63993,2020-08-28,2020-08-27,2020-08-26,2020-08-25,2020-08-24,2020-08-23,2020-08-22,,,,,,,,,,,80.5,0.0,12.2,9.7,76.05,63.5,26.4,1011.4,"ATLANTA FULTON CO AIRPORT, GA US (Id=72219503888,14.0mi), KFTY (Id=KFTY,14.0mi), ATLANTA HARTSFIELD INTERNATIONAL AIRPORT, GA US (Id=72219013874,15.0mi), KATL (Id=KATL,16.0mi), KFFC (Id=KFFC,21.0mi), PEACHTREE CITY FALCON FIELD, GA US (Id=72219753819,21.0mi)",0.41,0.07,0.0,0.01,1.34,0.15,0.0,0.04
Chattahoochee Hills H.T.(Feb 2020),2020-02-29,2020-02-29,-84.71646,33.63024,2020-02-28,2020-02-27,2020-02-26,2020-02-25,2020-02-24,2020-02-23,2020-02-22,,,,,,,,,,,44.8,0.0,21.4,9.9,50.55,13.3,34.3,1023.0,"ATLANTA FULTON CO AIRPORT, GA US (Id=72219503888,15.0mi), KFTY (Id=KFTY,15.0mi), ATLANTA HARTSFIELD INTERNATIONAL AIRPORT, GA US (Id=72219013874,16.0mi), KATL (Id=KATL,17.0mi), KFFC (Id=KFFC,21.0mi), PEACHTREE CITY FALCON FIELD, GA US (Id=72219753819,21.0mi)",0.12,0.0,0.0,0.02,0.06,0.98,0.0,0.0
Chattahoochee Hills H.T.(Oct 2019),2019-10-26,2019-10-26,-84.70005,33.63993,2019-10-25,2019-10-24,2019-10-23,2019-10-22,2019-10-21,2019-10-20,2019-10-19,,,,,,,,,,,70.6,0.15,11.9,9.3,86.47,84.8,23.4,1013.2,"ATLANTA FULTON CO AIRPORT, GA US (Id=72219503888,14.0mi), KFTY (Id=KFTY,14.0mi), ATLANTA HARTSFIELD INTERNATIONAL AIRPORT, GA US (Id=72219013874,15.0mi), KATL (Id=KATL,16.0mi), KFFC (Id=KFFC,21.0mi), PEACHTREE CITY FALCON FIELD, GA US (Id=72219753819,21.0mi)",0.97,0.07,0.0,0.0,0.17,0.0,0.03,1.19
Fair Hill Starter Horse Trials ,2020-09-05,2020-09-05,-75.86013,39.70171,2020-09-04,2020-09-03,2020-09-02,2020-09-01,2020-08-31,2020-08-30,2020-08-29,,,,,,,,,,,68.9,0.0,6.9,9.9,57.83,1.3,16.1,1022.1,"AVONDALE 2 N, PA US (Id=99999903761,12.0mi), WILMINGTON NEW CASTLE CO AIRPORT, DE US (Id=72418013781,14.0mi), KILG (Id=KILG,15.0mi), CHESTER CO GO CARLSON AIRPORT, PA US (Id=72040800136,20.0mi), ABERDEEN PHILLIPS FIELD, MD US (Id=72405713701,23.0mi), KAPG (Id=KAPG,23.0mi)",0.54,0.0,0.26,0.16,0.04,0.05,0.0,0.72
Chattahoochee Hills HT Summer 1,2020-06-27,2020-06-27,-84.70005,33.63993,2020-06-26,2020-06-25,2020-06-24,2020-06-23,2020-06-22,2020-06-21,2020-06-20,,,,,,,,,,,74.1,0.46,22.4,8.5,76.54,38.3,37.7,1019.1,"ATLANTA FULTON CO AIRPORT, GA US (Id=72219503888,14.0mi), KFTY (Id=KFTY,14.0mi), ATLANTA HARTSFIELD INTERNATIONAL AIRPORT, GA US (Id=72219013874,15.0mi), KATL (Id=KATL,16.0mi), KFFC (Id=KFFC,21.0mi), PEACHTREE CITY FALCON FIELD, GA US (Id=72219753819,21.0mi)",0.17,0.02,0.42,0.07,0.04,0.52,0.07,0.0
Chattahoochee Hills May H.T.,2019-05-18,2019-05-18,-84.70005,33.63993,2019-05-17,2019-05-16,2019-05-15,2019-05-14,2019-05-13,2019-05-12,2019-05-11,,,,,,,,,,,76.1,0.0,7.8,9.8,67.01,17.6,,1015.8,"ATLANTA FULTON CO AIRPORT, GA US (Id=72219503888,14.0mi), KFTY (Id=KFTY,14.0mi), ATLANTA HARTSFIELD INTERNATIONAL AIRPORT, GA US (Id=72219013874,15.0mi), KATL (Id=KATL,16.0mi), KFFC (Id=KFFC,21.0mi), PEACHTREE CITY FALCON FIELD, GA US (Id=72219753819,21.0mi)",0.5,0.0,0.0,0.0,0.0,0.01,0.71,0.57
War Horse Event Series October H.T.(Oct 2020),2020-10-11,2020-10-11,-79.36633,35.01506,2020-10-10,2020-10-09,2020-10-08,2020-10-07,2020-10-06,2020-10-05,2020-10-04,,,,,,,,,,,70.3,1.14,9.3,7.4,96.37,94.7,22.3,1013.7,"KHFF (Id=KHFF,7.6mi), FORT BRAGG MACKALL ARMY AIR FIELD, NC US (Id=72303493747,7.7mi), SOUTHERN PINES A, NC (Id=KSOP,15.0mi), MOORE CO AIRPORT, NC US (Id=72314303720,15.0mi), LAURINBURG MAXTON AIRPORT, NC US (Id=72310993782,15.0mi), KMEB (Id=KMEB,16.0mi)",0.81,0.04,0.0,0.0,0.0,0.0,0.0,0.0
Glenarden Farms Horse Trials,2020-07-25,2020-07-25,-83.84456999999998,42.36583,2020-07-24,2020-07-23,2020-07-22,2020-07-21,2020-07-20,2020-07-19,2020-07-18,,,,,,,,,,,72.6,0.0,6.2,8.5,71.13,9.2,,1019.7,"ANN ARBOR MUNICIPAL AIRPORT, MI US (Id=72537494889,11.0mi), KARB (Id=KARB,11.0mi), DETROIT WILLOW RUN AIRPORT, MI US (Id=72537614853,18.0mi), KYIP (Id=KYIP,19.0mi), KOZW (Id=KOZW,20.0mi), HOWELL LIVINGSTON CO AIRPORT, MI US (Id=72537804887,20.0mi)",0.11,0.0,0.0,0.0,0.09,0.51,1.06,0.0
Glenarden Farms Horse Trials,2019-10-12,2019-10-12,-83.84456999999998,42.36583,2019-10-11,2019-10-10,2019-10-09,2019-10-08,2019-10-07,2019-10-06,2019-10-05,,,,,,,,,,,44.2,0.1,16.4,9.4,67.86,43.1,26.1,1015.8,"ANN ARBOR MUNICIPAL AIRPORT, MI US (Id=72537494889,11.0mi), KARB (Id=KARB,11.0mi), DETROIT WILLOW RUN AIRPORT, MI US (Id=72537614853,18.0mi), KYIP (Id=KYIP,19.0mi), KOZW (Id=KOZW,20.0mi), HOWELL LIVINGSTON CO AIRPORT, MI US (Id=72537804887,20.0mi)",0.48,0.3,0.0,0.0,0.0,0.0,0.06,0.0
Glenarden Farms Horse Trials,2019-07-27,2019-07-27,-83.84456999999998,42.36583,2019-07-26,2019-07-25,2019-07-24,2019-07-23,2019-07-22,2019-07-21,2019-07-20,,,,,,,,,,,75.0,0.0,15.3,8.6,67.65,18.9,23.7,1020.3,"ANN ARBOR MUNICIPAL AIRPORT, MI US (Id=72537494889,11.0mi), KARB (Id=KARB,11.0mi), DETROIT WILLOW RUN AIRPORT, MI US (Id=72537614853,18.0mi), KYIP (Id=KYIP,19.0mi), KOZW (Id=KOZW,20.0mi), HOWELL LIVINGSTON CO AIRPORT, MI US (Id=72537804887,20.0mi)",0.85,0.0,0.0,0.0,0.25,0.0,0.25,0.13
Glenarden Farms Horse Trials,2020-10-10,2020-10-10,-83.84456999999998,42.36583,2020-10-09,2020-10-08,2020-10-07,2020-10-06,2020-10-05,2020-10-04,2020-10-03,,,,,,,,,,,66.4,0.0,15.7,8.5,70.2,36.4,24.2,1011.5,"ANN ARBOR MUNICIPAL AIRPORT, MI US (Id=72537494889,11.0mi), KARB (Id=KARB,11.0mi), DETROIT WILLOW RUN AIRPORT, MI US (Id=72537614853,18.0mi), KYIP (Id=KYIP,19.0mi), KOZW (Id=KOZW,20.0mi), HOWELL LIVINGSTON CO AIRPORT, MI US (Id=72537804887,20.0mi)",0.75,0.0,0.0,0.0,0.0,0.0,0.14,0.0
Course Brook Farm Fall Horse Trials,2019-09-07,2019-09-07,-71.39974000000002,42.25229,2019-09-06,2019-09-05,2019-09-04,2019-09-03,2019-09-02,2019-09-01,2019-08-31,,,,,,,,,,,64.6,0.12,15.8,9.1,64.29,76.4,28.2,1006.8,"NORWOOD MEMORIAL AIRPORT, MA US (Id=72509854704,12.0mi), KOWD (Id=KOWD,13.0mi), KBED (Id=KBED,16.0mi), KBOS (Id=KBOS,21.0mi), BOSTON, MA US (Id=72509014739,21.0mi)",0.3,0.0,0.0,0.14,0.0,0.47,0.0,0.0
Woodside International H.T.(Oct 2020),2020-10-08,2020-10-08,-122.24548,37.40747,2020-10-07,2020-10-06,2020-10-05,2020-10-04,2020-10-03,2020-10-02,2020-10-01,,,,,,,,,,,60.7,0.0,10.6,8.0,78.55,96.4,17.2,1014.1,"KHAF (Id=KHAF,15.0mi), HALF MOON BAY AIRPORT, CA US (Id=72064600228,16.0mi), KSFO (Id=KSFO,16.0mi), SAN FRANCISCO INTERNATIONAL AIRPORT, CA US (Id=72494023234,16.0mi), SAN JOSE, CA US (Id=72494523293,18.0mi), KSJC (Id=KSJC,18.0mi)",0.66,0.0,0.0,0.0,0.0,0.0,0.0,0.0
ESDCTA New Jersey H.T. at the Horsepark,2020-09-27,2020-09-27,-74.49821,40.19321,2020-09-26,2020-09-25,2020-09-24,2020-09-23,2020-09-22,2020-09-21,2020-09-20,,,,,,,,,,,70.2,0.0,8.9,7.4,90.27,81.1,,1014.5,"KWRI (Id=KWRI,13.0mi), MCGUIRE AFB, NJ US (Id=72409614706,13.0mi), KTTN (Id=KTTN,18.0mi), TRENTON MERCER AIRPORT, NJ US (Id=72409514792,18.0mi), BELMAR FARMINGDALE ALLAIRE AIRPORT, NJ US (Id=72408454760,19.0mi), ALLAIRE, NJ (Id=KBLM,20.0mi)",0.39,0.07,0.0,0.0,0.0,0.0,0.0,0.0
ESDCTA New Jersey H.T. at the Horsepark,2019-09-29,2019-09-29,-74.49821,40.19321,2019-09-28,2019-09-27,2019-09-26,2019-09-25,2019-09-24,2019-09-23,2019-09-22,,,,,,,,,,,72.1,0.02,12.5,9.6,74.69,22.3,,1022.1,"KWRI (Id=KWRI,13.0mi), MCGUIRE AFB, NJ US (Id=72409614706,13.0mi), KTTN (Id=KTTN,18.0mi), TRENTON MERCER AIRPORT, NJ US (Id=72409514792,18.0mi), BELMAR FARMINGDALE ALLAIRE AIRPORT, NJ US (Id=72408454760,19.0mi), ALLAIRE, NJ (Id=KBLM,20.0mi)",0.0,0.01,0.0,0.04,0.0,0.04,0.0,0.0
Essex Horse Trials,2019-06-21,2019-06-21,-74.63613000000002,40.68475,2019-06-20,2019-06-19,2019-06-18,2019-06-17,2019-06-16,2019-06-15,2019-06-14,,,,,,,,,,,70.8,0.34,16.6,8.5,73.33,49.0,27.2,1002.3,"KSMQ (Id=KSMQ,4.2mi), SOMERSET AIRPORT, NJ US (Id=72224754785,4.5mi), CALDWELL ESSEX CO AIRPORT, NJ US (Id=72409454743,23.0mi), CALDWELL/FAIRFLD, NJ (Id=KCDW,23.0mi), AEROFLEX ANDOVER AIRPORT, NJ US (Id=72407754779,23.0mi), K12N (Id=K12N,24.0mi)",0.56,0.2,0.02,1.21,0.0,0.02,0.0,0.0
Morven Park Fall International H.T. & CCIS,2020-10-02,2020-10-02,-77.55527,39.14542,2020-10-01,2020-09-30,2020-09-29,2020-09-28,2020-09-27,2020-09-26,2020-09-25,,,,,,,,,,,55.5,0.09,14.4,9.9,77.16,42.7,23.0,1017.7,"KJYO (Id=KJYO,4.5mi), LEESBURG EXECUTIVE AIRPORT, VA US (Id=72405503714,4.7mi), KIAD (Id=KIAD,15.0mi), WASHINGTON DULLES INTERNATIONAL AIRPORT, VA US (Id=72403093738,16.0mi), GAITHERSBURG, MD (Id=KGAI,21.0mi), GAITHERSBURG MONTGOMERY CO AIR PARK, MD US (Id=72033493764,21.0mi)",0.5,0.02,0.23,0.17,0.0,0.01,0.2,0.11
Fair Hill International April Horse Trials,2019-04-19,2019-04-19,-75.86013,39.70171,2019-04-18,2019-04-17,2019-04-16,2019-04-15,2019-04-14,2019-04-13,2019-04-12,,,,,,,,,,,67.9,0.13,18.9,9.5,80.25,40.1,28.9,1008.0,"AVONDALE 2 N, PA US (Id=99999903761,12.0mi), WILMINGTON NEW CASTLE CO AIRPORT, DE US (Id=72418013781,14.0mi), KILG (Id=KILG,15.0mi), CHESTER CO GO CARLSON AIRPORT, PA US (Id=72040800136,20.0mi), KAPG (Id=KAPG,23.0mi)",0.5,0.0,0.0,0.0,0.3,0.03,0.09,0.25
Fair Hill International August Horse Trials,2020-08-08,2020-08-08,-75.86013,39.70171,2020-08-07,2020-08-06,2020-08-05,2020-08-04,2020-08-03,2020-08-02,2020-08-01,,,,,,,,,,,74.7,0.0,5.2,9.6,80.12,34.1,,1020.4,"AVONDALE 2 N, PA US (Id=99999903761,12.0mi), WILMINGTON NEW CASTLE CO AIRPORT, DE US (Id=72418013781,14.0mi), KILG (Id=KILG,15.0mi), CHESTER CO GO CARLSON AIRPORT, PA US (Id=72040800136,20.0mi), ABERDEEN PHILLIPS FIELD, MD US (Id=72405713701,23.0mi), KAPG (Id=KAPG,23.0mi)",0.59,2.41,0.09,0.02,3.93,0.03,0.01,0.0
Fair Hill International August Horse Trials,2019-08-10,2019-08-10,-75.86013,39.70171,2019-08-09,2019-08-08,2019-08-07,2019-08-06,2019-08-05,2019-08-04,2019-08-03,,,,,,,,,,,71.9,0.0,15.8,9.9,63.1,3.3,25.3,1011.7,"AVONDALE 2 N, PA US (Id=99999903761,12.0mi), WILMINGTON NEW CASTLE CO AIRPORT, DE US (Id=72418013781,14.0mi), KILG (Id=KILG,15.0mi), CHESTER CO GO CARLSON AIRPORT, PA US (Id=72040800136,20.0mi)",0.37,0.0,0.02,0.39,0.1,0.0,0.0,0.0
Fair Hill International CCI****/***,2019-10-16,2019-10-16,-79.36633,35.01506,2019-10-15,2019-10-14,2019-10-13,2019-10-12,2019-10-11,2019-10-10,2019-10-09,,,,,,,,,,,62.7,0.5,10.6,7.8,86.87,73.9,23.0,1009.2,"KHFF (Id=KHFF,7.6mi), FORT BRAGG MACKALL ARMY AIR FIELD, NC US (Id=72303493747,7.7mi), SOUTHERN PINES A, NC (Id=KSOP,15.0mi), MOORE CO AIRPORT, NC US (Id=72314303720,15.0mi), LAURINBURG MAXTON AIRPORT, NC US (Id=72310993782,15.0mi), KMEB (Id=KMEB,16.0mi)",0.53,0.0,0.05,1.45,0.0,0.0,0.0,0.0
Fair Hill International June Starter HT,2019-06-29,2019-06-29,-75.86013,39.70171,2019-06-28,2019-06-27,2019-06-26,2019-06-25,2019-06-24,2019-06-23,2019-06-22,,,,,,,,,,,76.2,0.36,12.7,9.8,83.3,5.8,48.3,1016.5,"AVONDALE 2 N, PA US (Id=99999903761,12.0mi), WILMINGTON NEW CASTLE CO AIRPORT, DE US (Id=72418013781,14.0mi), KILG (Id=KILG,15.0mi), CHESTER CO GO CARLSON AIRPORT, PA US (Id=72040800136,20.0mi)",0.92,0.03,0.0,0.0,0.0,0.0,0.0,0.0
Larkin Hill HT,2020-09-26,2020-09-26,-73.64431,42.47909,2020-09-25,2020-09-24,2020-09-23,2020-09-22,2020-09-21,2020-09-20,2020-09-19,,,,,,,,,,,63.1,0.0,12.7,7.1,79.9,45.3,24.2,1017.7,"KPSF (Id=KPSF,18.0mi), PITTSFIELD MUNICIPAL AIRPORT, MA US (Id=74410414763,19.0mi), ALBANY INTERNATIONAL AIRPORT, NY US (Id=72518014735,20.0mi), KALB (Id=KALB,20.0mi), NORTH ADAMS HARRIMAN AIRPORT, MA US (Id=72507554768,29.0mi), KAQW (Id=KAQW,29.0mi)",0.35,0.0,0.0,0.0,0.0,0.0,0.0,0.0
Fair Hill International May Starter HT,2019-05-04,2019-05-04,-75.86013,39.70171,2019-05-03,2019-05-02,2019-05-01,2019-04-30,2019-04-29,2019-04-28,2019-04-27,,,,,,,,,,,63.9,0.0,8.9,5.0,84.35,47.4,,1011.1,"AVONDALE 2 N, PA US (Id=99999903761,12.0mi), WILMINGTON NEW CASTLE CO AIRPORT, DE US (Id=72418013781,14.0mi), KILG (Id=KILG,15.0mi), CHESTER CO GO CARLSON AIRPORT, PA US (Id=72040800136,20.0mi)",1.0,0.0,0.03,0.0,0.03,0.01,0.02,0.0
Stable View Oktoberfest 1/ 2/3/4* and H.T.,2019-09-27,2019-09-27,-81.79998,33.64859000000001,2019-09-26,2019-09-25,2019-09-24,2019-09-23,2019-09-22,2019-09-21,2019-09-20,,,,,,,,,,,77.9,0.0,8.8,8.4,79.71,24.9,,1014.3,"KAIK (Id=KAIK,6.3mi), AIKEN MUNICIPAL AIRPORT, SC US (Id=72060100193,6.7mi), KDNL (Id=KDNL,19.0mi), AUGUSTA DANIEL FIELD AIRPORT, GA US (Id=72218113837,19.0mi), AUGUSTA BUSH FIELD AIRPORT, GA US (Id=72218003820,22.0mi), KAGS (Id=KAGS,22.0mi)",0.98,0.0,0.0,0.0,0.0,0.0,0.0,0.0
Full Gallop Farm Sept. Schooling HT,2019-09-08,2019-09-08,-81.58405,33.57045,2019-09-07,2019-09-06,2019-09-05,2019-09-04,2019-09-03,2019-09-02,2019-09-01,,,,,,,,,,,80.9,0.0,10.6,9.9,58.71,10.2,17.2,1014.6,"AIKEN MUNICIPAL AIRPORT, SC US (Id=72060100193,7.9mi), KAIK (Id=KAIK,8.2mi), BLACKVILLE 3 W, SC US (Id=99999963826,21.0mi), KBNL (Id=KBNL,25.0mi), BARNWELL REGIONAL AIRPORT, SC US (Id=72060200194,25.0mi), AUGUSTA BUSH FIELD AIRPORT, GA US (Id=72218003820,26.0mi)",0.34,0.0,0.0,0.0,0.0,0.0,0.0,0.19
Full Gallop Farm Sept. Schooling HT,2020-09-20,2020-09-20,-81.58405,33.57045,2020-09-19,2020-09-18,2020-09-17,2020-09-16,2020-09-15,2020-09-14,2020-09-13,,,,,,,,,,,62.6,0.0,18.1,9.9,65.91,31.0,26.4,1024.3,"AIKEN MUNICIPAL AIRPORT, SC US (Id=72060100193,7.9mi), KAIK (Id=KAIK,8.2mi), BLACKVILLE 3 W, SC US (Id=99999963826,21.0mi), KBNL (Id=KBNL,25.0mi), BARNWELL REGIONAL AIRPORT, SC US (Id=72060200194,25.0mi), AUGUSTA BUSH FIELD AIRPORT, GA US (Id=72218003820,26.0mi)",0.05,0.0,0.01,3.6,0.61,0.12,0.01,0.0
Feather Creek Farm H.T.(Aug 2019),2019-06-07,2019-06-07,-97.331,35.23746,2019-06-06,2019-06-05,2019-06-04,2019-06-03,2019-06-02,2019-06-01,2019-05-31,,,,,,,,,,,52.7,0.0,16.9,9.8,55.65,10.8,27.5,1024.2,"PLYMOUTH MUNICIPAL AIRPORT, MA US (Id=72506454769,8.8mi), KPYM (Id=KPYM,9.1mi), MARSHFIELD MUNICIPAL AIRPORT, MA US (Id=72225664774,17.0mi), KGHG (Id=KGHG,17.0mi), KHYA (Id=KHYA,20.0mi), HYANNIS BARNSTABLE MUNICIPAL AIRPORT, MA US (Id=72506794720,20.0mi)",0.02,0.04,0.0,0.0,0.0,0.0,0.0,0.0
Feather Creek Farm H.T.(June 2020),2020-06-06,2020-06-06,-97.331,35.23746,2020-06-05,2020-06-04,2020-06-03,2020-06-02,2020-06-01,2020-05-31,2020-05-30,,,,,,,,,,,52.7,0.0,16.9,9.8,55.65,10.8,27.5,1024.2,"PLYMOUTH MUNICIPAL AIRPORT, MA US (Id=72506454769,8.8mi), KPYM (Id=KPYM,9.1mi), MARSHFIELD MUNICIPAL AIRPORT, MA US (Id=72225664774,17.0mi), KGHG (Id=KGHG,17.0mi), KHYA (Id=KHYA,20.0mi), HYANNIS BARNSTABLE MUNICIPAL AIRPORT, MA US (Id=72506794720,20.0mi)",0.02,0.04,0.0,0.0,0.0,0.0,0.0,0.0
Feather Creek Farm H.T.(Sept 2019),2019-09-20,2019-09-20,-97.331,35.23746,2019-09-19,2019-09-18,2019-09-17,2019-09-16,2019-09-15,2019-09-14,2019-09-13,,,,,,,,,,,52.7,0.0,16.9,9.8,55.65,10.8,27.5,1024.2,"PLYMOUTH MUNICIPAL AIRPORT, MA US (Id=72506454769,8.8mi), KPYM (Id=KPYM,9.1mi), MARSHFIELD MUNICIPAL AIRPORT, MA US (Id=72225664774,17.0mi), KGHG (Id=KGHG,17.0mi), KHYA (Id=KHYA,20.0mi), HYANNIS BARNSTABLE MUNICIPAL AIRPORT, MA US (Id=72506794720,20.0mi)",0.02,0.04,0.0,0.0,0.0,0.0,0.0,0.0
Plantation Field International CCI-S(Sep 2020),2020-09-16,2020-09-16,-75.78744,39.90874,2020-09-15,2020-09-14,2020-09-13,2020-09-12,2020-09-11,2020-09-10,2020-09-09,,,,,,,,,,,52.7,0.0,16.9,9.8,55.65,10.8,27.5,1024.2,"PLYMOUTH MUNICIPAL AIRPORT, MA US (Id=72506454769,8.8mi), KPYM (Id=KPYM,9.1mi), MARSHFIELD MUNICIPAL AIRPORT, MA US (Id=72225664774,17.0mi), KGHG (Id=KGHG,17.0mi), KHYA (Id=KHYA,20.0mi), HYANNIS BARNSTABLE MUNICIPAL AIRPORT, MA US (Id=72506794720,20.0mi)",0.02,0.04,0.0,0.0,0.0,0.0,0.0,0.0
FENCE Horse Trial (April 2019),2019-04-13,2019-04-13,-82.17685,35.19682,2019-04-12,2019-04-11,2019-04-10,2019-04-09,2019-04-08,2019-04-07,2019-04-06,,,,,,,,,,,52.7,0.0,16.9,9.8,55.65,10.8,27.5,1024.2,"PLYMOUTH MUNICIPAL AIRPORT, MA US (Id=72506454769,8.8mi), KPYM (Id=KPYM,9.1mi), MARSHFIELD MUNICIPAL AIRPORT, MA US (Id=72225664774,17.0mi), KGHG (Id=KGHG,17.0mi), KHYA (Id=KHYA,20.0mi), HYANNIS BARNSTABLE MUNICIPAL AIRPORT, MA US (Id=72506794720,20.0mi)",0.02,0.04,0.0,0.0,0.0,0.0,0.0,0.0
Flora Lea Spring Horse Trials,2019-05-25,2019-05-25,-74.81492,39.89668,2019-05-24,2019-05-23,2019-05-22,2019-05-21,2019-05-20,2019-05-19,2019-05-18,,,,,,,,,,,64.2,0.0,9.1,9.9,64.96,36.2,17.2,1021.2,"KVAY (Id=KVAY,3.3mi), SOUTH JERSEY REGIONAL AIRPORT, NJ US (Id=72407493780,3.3mi), MCGUIRE AFB, NJ US (Id=72409614706,14.0mi), KWRI (Id=KWRI,15.0mi), KPNE (Id=KPNE,16.0mi), NORTHEAST PHILADELPHIA AIRPORT, PA US (Id=72408594732,16.0mi)",0.68,0.01,0.08,0.0,0.0,0.0,0.0,0.0
Fox River Valley Pony Club HT,2019-06-20,2019-06-20,-88.22379000000002,42.14542,2019-06-19,2019-06-18,2019-06-17,2019-06-16,2019-06-15,2019-06-14,2019-06-13,,,,,,,,,,,62.5,0.34,13.5,8.8,79.45,72.9,18.3,1006.6,"KDPA (Id=KDPA,16.0mi), KPWK (Id=KPWK,16.0mi), CHICAGO WEST CHICAGO DUPAGE AIRPORT, IL US (Id=72530594892,16.0mi), CHICAGO PALWAUKEE AIRPORT, IL US (Id=74466504838,17.0mi), CHICAGO OHARE INTERNATIONAL AIRPORT, IL US (Id=72530094846,20.0mi), KORD (Id=KORD,20.0mi)",0.53,0.09,0.0,0.0,0.11,0.12,0.06,0.14
Full Gallop Farm August HT(Aug 2019),2019-08-17,2019-08-17,-81.58405,33.57045,2019-08-16,2019-08-15,2019-08-14,2019-08-13,2019-08-12,2019-08-11,2019-08-10,,,,,,,,,,,79.9,0.27,12.1,8.9,81.47,48.9,,1014.2,"AIKEN MUNICIPAL AIRPORT, SC US (Id=72060100193,7.9mi), KAIK (Id=KAIK,8.2mi), BLACKVILLE 3 W, SC US (Id=99999963826,21.0mi), KBNL (Id=KBNL,25.0mi), BARNWELL REGIONAL AIRPORT, SC US (Id=72060200194,25.0mi), AUGUSTA BUSH FIELD AIRPORT, GA US (Id=72218003820,26.0mi)",0.51,0.0,0.87,1.93,0.0,0.0,0.0,0.34
Course Brook Farm Horse Trials,2020-07-18,2020-07-18,-71.39974000000002,42.25229,2020-07-17,2020-07-16,2020-07-15,2020-07-14,2020-07-13,2020-07-12,2020-07-11,,,,,,,,,,,77.7,0.0,9.9,7.7,66.63,20.4,18.3,1016.4,"NORWOOD MEMORIAL AIRPORT, MA US (Id=72509854704,12.0mi), KOWD (Id=KOWD,13.0mi), KBED (Id=KBED,16.0mi), BEDFORD HANSCOM FIELD, MA US (Id=72505914702,16.0mi), KBOS (Id=KBOS,21.0mi), BOSTON, MA US (Id=72509014739,21.0mi)",0.96,0.15,0.0,0.03,0.12,0.21,0.0,0.03
Full Gallop Farm August HT(Aug 2020),2020-08-15,2020-08-15,-81.58405,33.57045,2020-08-14,2020-08-13,2020-08-12,2020-08-11,2020-08-10,2020-08-09,2020-08-08,,,,,,,,,,,78.7,0.41,12.3,8.7,87.54,53.1,16.1,1011.3,"AIKEN MUNICIPAL AIRPORT, SC US (Id=72060100193,7.9mi), KAIK (Id=KAIK,8.2mi), BLACKVILLE 3 W, SC US (Id=99999963826,21.0mi), KBNL (Id=KBNL,25.0mi), BARNWELL REGIONAL AIRPORT, SC US (Id=72060200194,25.0mi), AUGUSTA BUSH FIELD AIRPORT, GA US (Id=72218003820,26.0mi)",0.91,0.16,0.08,0.4,0.01,1.04,0.0,0.11
Majestic Oaks Schooling Show,2020-12-12,2020-12-12,-82.21323000000002,29.40346,2020-12-11,2020-12-10,2020-12-09,2020-12-08,2020-12-07,2020-12-06,2020-12-05,,,,,,,,,,,58.9,0.02,5.5,8.8,92.65,74.4,,1020.3,"OCALA, FL (Id=KOCF,16.0mi), OCALA JIM TAYLOR FIELD, FL US (Id=72205512861,16.0mi), GAINESVILLE REGIONAL AIRPORT, FL US (Id=74756012816,20.0mi), KGNV (Id=KGNV,21.0mi), INVERNESS AIRPORT, FL US (Id=72473700377,41.0mi), KCGC (Id=KCGC,43.0mi)",0.95,0.0,0.0,0.0,0.0,0.15,0.1,0.1
Full Gallop Farm December Schooling Show ,2019-12-15,2019-12-15,-81.58405,33.57045,2019-12-14,2019-12-13,2019-12-12,2019-12-11,2019-12-10,2019-12-09,2019-12-08,,,,,,,,,,,46.8,0.0,12.4,9.8,82.77,2.0,,1019.1,"AIKEN MUNICIPAL AIRPORT, SC US (Id=72060100193,7.9mi), KAIK (Id=KAIK,8.2mi), BLACKVILLE 3 W, SC US (Id=99999963826,21.0mi), KBNL (Id=KBNL,25.0mi), BARNWELL REGIONAL AIRPORT, SC US (Id=72060200194,25.0mi), AUGUSTA BUSH FIELD AIRPORT, GA US (Id=72218003820,26.0mi)",0.55,0.34,1.46,0.18,0.2,0.11,0.0,0.0
GMHA Starter Horse Trials (Aug 2020),2020-08-30,2020-08-30,-72.53926,43.55708,2020-08-29,2020-08-28,2020-08-27,2020-08-26,2020-08-25,2020-08-24,2020-08-23,,,,,,,,,,,63.1,0.0,11.0,9.9,65.12,67.1,21.5,1004.1,"LEBANON MUNICIPAL AIRPORT, NH US (Id=72611694765,13.0mi), KLEB (Id=KLEB,13.0mi), KVSF (Id=KVSF,14.0mi), SPRINGFIELD HARTNESS STATE AIRPORT, VT US (Id=72611554740,15.0mi), RUTLAND STATE AIRPORT, VT US (Id=72516594737,21.0mi), RUTLAND, VT (Id=KRUT,21.0mi)",0.45,0.64,0.03,0.16,0.0,0.49,0.01,0.26
Full Gallop Farm February H.T.,2019-02-27,2019-02-27,-81.58405,33.57045,2019-02-26,2019-02-25,2019-02-24,2019-02-23,2019-02-22,2019-02-21,2019-02-20,,,,,,,,,,,57.7,0.0,9.0,9.3,83.08,57.7,,1020.7,"AIKEN MUNICIPAL AIRPORT, SC US (Id=72060100193,7.9mi), KAIK (Id=KAIK,8.2mi), BLACKVILLE 3 W, SC US (Id=99999963826,21.0mi), KBNL (Id=KBNL,25.0mi), BARNWELL REGIONAL AIRPORT, SC US (Id=72060200194,25.0mi), AUGUSTA BUSH FIELD AIRPORT, GA US (Id=72218003820,26.0mi)",0.78,0.0,0.0,0.21,0.0,0.0,0.22,0.14
Full Gallop Farm February Horse Trials,2020-02-05,2020-02-05,-81.58405,33.57045,2020-02-04,2020-02-03,2020-02-02,2020-02-01,2020-01-31,2020-01-30,2020-01-29,,,,,,,,,,,63.6,0.39,12.2,9.2,83.55,64.9,19.7,1013.7,"AIKEN MUNICIPAL AIRPORT, SC US (Id=72060100193,7.9mi), KAIK (Id=KAIK,8.2mi), BLACKVILLE 3 W, SC US (Id=99999963826,21.0mi), KBNL (Id=KBNL,25.0mi), BARNWELL REGIONAL AIRPORT, SC US (Id=72060200194,25.0mi), AUGUSTA BUSH FIELD AIRPORT, GA US (Id=72218003820,26.0mi)",0.39,0.0,0.0,0.0,0.01,1.08,0.01,0.09
Full Gallop Farm February Horse Trials,2019-02-06,2019-02-06,-81.58405,33.57045,2019-02-05,2019-02-04,2019-02-03,2019-02-02,2019-02-01,2019-01-31,2019-01-30,,,,,,,,,,,61.1,0.0,11.0,6.9,88.3,50.0,16.1,1019.5,"AIKEN MUNICIPAL AIRPORT, SC US (Id=72060100193,7.9mi), KAIK (Id=KAIK,8.2mi), BLACKVILLE 3 W, SC US (Id=99999963826,21.0mi), KBNL (Id=KBNL,25.0mi), BARNWELL REGIONAL AIRPORT, SC US (Id=72060200194,25.0mi), AUGUSTA BUSH FIELD AIRPORT, GA US (Id=72218003820,26.0mi)",0.01,0.0,0.0,0.0,0.0,0.0,0.0,0.0
Full Gallop Farm February II H.T.(Feb 2020),2020-02-25,2020-02-25,-81.58405,33.57045,2020-02-24,2020-02-23,2020-02-22,2020-02-21,2020-02-20,2020-02-19,2020-02-18,,,,,,,,,,,59.1,0.33,18.3,8.1,95.68,79.9,18.3,1010.4,"AIKEN MUNICIPAL AIRPORT, SC US (Id=72060100193,7.9mi), KAIK (Id=KAIK,8.2mi), BLACKVILLE 3 W, SC US (Id=99999963826,21.0mi), KBNL (Id=KBNL,25.0mi), BARNWELL REGIONAL AIRPORT, SC US (Id=72060200194,25.0mi), AUGUSTA BUSH FIELD AIRPORT, GA US (Id=72218003820,26.0mi)",0.01,0.37,0.0,0.0,0.0,0.74,0.35,1.06
Full Gallop Farm HT,2020-06-14,2020-06-14,-85.52320999999998,38.42696,2020-06-13,2020-06-12,2020-06-11,2020-06-10,2020-06-09,2020-06-08,2020-06-07,,,,,,,,,,,68.9,0.07,11.1,9.9,63.06,44.0,23.0,1022.5,"LOUISVILLE BOWMAN FIELD, KY US (Id=72423513810,16.0mi), KLOU (Id=KLOU,16.0mi), KSDF (Id=KSDF,20.0mi), LOUISVILLE INTERNATIONAL AIRPORT, KY US (Id=72423093821,21.0mi), FRANKFORT CAPITAL CITY AIRPORT, KY US (Id=72423353841,38.0mi), KFFT (Id=KFFT,38.0mi)",0.79,0.0,0.0,0.0,0.05,0.06,0.0,0.0
Full Gallop Farm HT,2020-03-28,2020-03-28,-85.52320999999998,38.42696,2020-03-27,2020-03-26,2020-03-25,2020-03-24,2020-03-23,2020-03-22,2020-03-21,,,,,,,,,,,75.3,0.0,19.5,9.9,63.93,32.5,31.1,1007.7,"LOUISVILLE BOWMAN FIELD, KY US (Id=72423513810,16.0mi), KLOU (Id=KLOU,16.0mi), KSDF (Id=KSDF,20.0mi), LOUISVILLE INTERNATIONAL AIRPORT, KY US (Id=72423093821,21.0mi), FRANKFORT CAPITAL CITY AIRPORT, KY US (Id=72423353841,38.0mi), KFFT (Id=KFFT,38.0mi)",0.06,0.0,0.0,0.01,0.43,0.03,0.01,0.0
War Horse Event Series (Aug 2020),2020-08-23,2020-08-23,-79.36633,35.01506,2020-08-22,2020-08-21,2020-08-20,2020-08-19,2020-08-18,2020-08-17,2020-08-16,,,,,,,,,,,77.8,0.04,10.5,9.7,84.23,45.4,,1020.7,"KHFF (Id=KHFF,7.6mi), FORT BRAGG MACKALL ARMY AIR FIELD, NC US (Id=72303493747,7.7mi), SOUTHERN PINES A, NC (Id=KSOP,15.0mi), MOORE CO AIRPORT, NC US (Id=72314303720,15.0mi), LAURINBURG MAXTON AIRPORT, NC US (Id=72310993782,15.0mi), KMEB (Id=KMEB,16.0mi)",0.1,0.05,0.07,0.12,0.88,0.01,0.06,0.07
Full Gallop Farm January H.T(Jan 2020),2020-01-26,2020-01-26,-81.58405,33.57045,2020-01-25,2020-01-24,2020-01-23,2020-01-22,2020-01-21,2020-01-20,2020-01-19,,,,,,,,,,,44.5,0.0,10.7,9.9,67.64,24.7,11.4,1017.2,"AIKEN MUNICIPAL AIRPORT, SC US (Id=72060100193,7.9mi), KAIK (Id=KAIK,8.2mi), BLACKVILLE 3 W, SC US (Id=99999963826,21.0mi), KBNL (Id=KBNL,25.0mi), BARNWELL REGIONAL AIRPORT, SC US (Id=72060200194,25.0mi), AUGUSTA BUSH FIELD AIRPORT, GA US (Id=72218003820,26.0mi)",0.01,0.0,0.62,0.0,0.0,0.0,0.0,0.17
Full Gallop Farm January HT,2019-01-27,2019-01-27,-81.58405,33.57045,2019-01-26,2019-01-25,2019-01-24,2019-01-23,2019-01-22,2019-01-21,2019-01-20,,,,,,,,,,,39.6,0.0,11.3,9.9,74.43,1.5,18.3,1019.8,"AIKEN MUNICIPAL AIRPORT, SC US (Id=72060100193,7.9mi), KAIK (Id=KAIK,8.2mi), BLACKVILLE 3 W, SC US (Id=99999963826,21.0mi), KBNL (Id=KBNL,25.0mi), BARNWELL REGIONAL AIRPORT, SC US (Id=72060200194,25.0mi), AUGUSTA BUSH FIELD AIRPORT, GA US (Id=72218003820,26.0mi)",0.71,0.0,0.0,1.16,0.04,0.0,0.0,0.42
Full Gallop Farm January Schooling Show,2020-01-05,2020-01-05,-81.58405,33.57045,2020-01-04,2020-01-03,2020-01-02,2020-01-01,2019-12-31,2019-12-30,2019-12-29,,,,,,,,,,,42.0,0.0,11.9,9.9,65.13,0.0,18.6,1023.7,"AIKEN MUNICIPAL AIRPORT, SC US (Id=72060100193,7.9mi), KAIK (Id=KAIK,8.2mi), BLACKVILLE 3 W, SC US (Id=99999963826,21.0mi), KBNL (Id=KBNL,25.0mi), BARNWELL REGIONAL AIRPORT, SC US (Id=72060200194,25.0mi), AUGUSTA BUSH FIELD AIRPORT, GA US (Id=72218003820,26.0mi)",0.33,0.47,0.29,0.04,0.0,0.0,0.28,0.19
Full Gallop Farm June Horse Trials,2019-06-15,2019-06-15,-81.58405,33.57045,2019-06-14,2019-06-13,2019-06-12,2019-06-11,2019-06-10,2019-06-09,2019-06-08,,,,,,,,,,,70.8,0.0,5.8,9.9,61.28,0.2,,1021.0,"AIKEN MUNICIPAL AIRPORT, SC US (Id=72060100193,7.9mi), KAIK (Id=KAIK,8.2mi), BLACKVILLE 3 W, SC US (Id=99999963826,21.0mi), KBNL (Id=KBNL,25.0mi), BARNWELL REGIONAL AIRPORT, SC US (Id=72060200194,25.0mi), AUGUSTA BUSH FIELD AIRPORT, GA US (Id=72218003820,26.0mi)",0.47,0.0,0.0,0.85,0.06,0.55,0.53,1.67
Full Gallop Farm June Schooling Show,2019-06-02,2019-06-02,-81.58405,33.57045,2019-06-01,2019-05-31,2019-05-30,2019-05-29,2019-05-28,2019-05-27,2019-05-26,,,,,,,,,,,77.5,0.0,14.1,9.9,51.14,21.6,21.9,1010.0,"AIKEN MUNICIPAL AIRPORT, SC US (Id=72060100193,7.9mi), KAIK (Id=KAIK,8.2mi), BLACKVILLE 3 W, SC US (Id=99999963826,21.0mi), KBNL (Id=KBNL,25.0mi), BARNWELL REGIONAL AIRPORT, SC US (Id=72060200194,25.0mi), AUGUSTA BUSH FIELD AIRPORT, GA US (Id=72218003820,26.0mi)",0.99,0.0,0.0,0.0,0.0,0.0,0.0,0.0
Full Gallop Farm March H.T.,2020-03-07,2020-03-07,-81.58405,33.57045,2020-03-06,2020-03-05,2020-03-04,2020-03-03,2020-03-02,2020-03-01,2020-02-29,,,,,,,,,,,43.2,0.0,14.2,9.9,56.12,0.2,23.0,1029.1,"AIKEN MUNICIPAL AIRPORT, SC US (Id=72060100193,7.9mi), KAIK (Id=KAIK,8.2mi), BLACKVILLE 3 W, SC US (Id=99999963826,21.0mi), KBNL (Id=KBNL,25.0mi), BARNWELL REGIONAL AIRPORT, SC US (Id=72060200194,25.0mi), AUGUSTA BUSH FIELD AIRPORT, GA US (Id=72218003820,26.0mi)",0.45,0.0,1.24,0.56,0.55,0.53,0.0,0.0
Full Gallop Farm March I HT,2019-03-09,2019-03-09,-81.58405,33.57045,2019-03-08,2019-03-07,2019-03-06,2019-03-05,2019-03-04,2019-03-03,2019-03-02,,,,,,,,,,,56.3,0.0,10.0,6.9,91.32,69.6,11.4,1018.9,"AIKEN MUNICIPAL AIRPORT, SC US (Id=72060100193,7.9mi), KAIK (Id=KAIK,8.2mi), BLACKVILLE 3 W, SC US (Id=99999963826,21.0mi), KBNL (Id=KBNL,25.0mi), BARNWELL REGIONAL AIRPORT, SC US (Id=72060200194,25.0mi), AUGUSTA BUSH FIELD AIRPORT, GA US (Id=72218003820,26.0mi)",0.03,0.0,0.0,0.0,0.11,0.0,0.8,0.0
Full Gallop Farm March II H.T. (2019),2019-03-31,2019-03-31,-81.58405,33.57045,2019-03-30,2019-03-29,2019-03-28,2019-03-27,2019-03-26,2019-03-25,2019-03-24,,,,,,,,,,,60.1,0.01,18.2,9.8,64.78,30.9,25.3,1014.2,"AIKEN MUNICIPAL AIRPORT, SC US (Id=72060100193,7.9mi), KAIK (Id=KAIK,8.2mi), BLACKVILLE 3 W, SC US (Id=99999963826,21.0mi), KBNL (Id=KBNL,25.0mi), BARNWELL REGIONAL AIRPORT, SC US (Id=72060200194,25.0mi), AUGUSTA BUSH FIELD AIRPORT, GA US (Id=72218003820,26.0mi)",0.88,0.0,0.0,0.0,0.0,0.09,0.49,0.0
Full Gallop Farm Nov HT,2018-11-04,2018-11-04,-81.58405,33.57045,2018-11-03,2018-11-02,2018-11-01,2018-10-31,2018-10-30,2018-10-29,2018-10-28,,,,,,,,,,,52.8,0.02,10.7,9.8,78.27,40.9,17.2,1025.1,"AIKEN MUNICIPAL AIRPORT, SC US (Id=72060100193,7.9mi), KAIK (Id=KAIK,8.2mi), BLACKVILLE 3 W, SC US (Id=99999963826,21.0mi), KBNL (Id=KBNL,25.0mi), BARNWELL REGIONAL AIRPORT, SC US (Id=72060200194,25.0mi), AUGUSTA BUSH FIELD AIRPORT, GA US (Id=72218003820,26.0mi)",0.93,0.0,0.47,0.07,0.0,0.0,0.0,0.0
Full Gallop Farm November HT,2019-11-03,2019-11-03,-81.58405,33.57045,2019-11-02,2019-11-01,2019-10-31,2019-10-30,2019-10-29,2019-10-28,2019-10-27,,,,,,,,,,,48.1,0.0,14.7,9.8,60.14,0.1,,1023.2,"AIKEN MUNICIPAL AIRPORT, SC US (Id=72060100193,7.9mi), KAIK (Id=KAIK,8.2mi), BLACKVILLE 3 W, SC US (Id=99999963826,21.0mi), KBNL (Id=KBNL,25.0mi), BARNWELL REGIONAL AIRPORT, SC US (Id=72060200194,25.0mi), AUGUSTA BUSH FIELD AIRPORT, GA US (Id=72218003820,26.0mi)",0.18,0.0,0.0,0.03,0.01,0.31,0.0,0.07
Full Gallop Farm Schooling Show (June2020),2020-06-28,2020-06-28,-81.58405,33.57045,2020-06-27,2020-06-26,2020-06-25,2020-06-24,2020-06-23,2020-06-22,2020-06-21,,,,,,,,,,,79.6,0.07,21.0,9.9,75.74,37.6,35.8,1014.1,"AIKEN MUNICIPAL AIRPORT, SC US (Id=72060100193,7.9mi), KAIK (Id=KAIK,8.2mi), BLACKVILLE 3 W, SC US (Id=99999963826,21.0mi), KBNL (Id=KBNL,25.0mi), BARNWELL REGIONAL AIRPORT, SC US (Id=72060200194,25.0mi), AUGUSTA BUSH FIELD AIRPORT, GA US (Id=72218003820,26.0mi)",0.23,0.19,0.08,1.87,0.82,0.45,0.03,0.0
Full Gallop Farm Schooling Show (March 11),2020-03-11,2020-03-11,-81.58405,33.57045,2020-03-10,2020-03-09,2020-03-08,2020-03-07,2020-03-06,2020-03-05,2020-03-04,,,,,,,,,,,64.2,0.0,19.0,9.6,74.75,30.4,25.3,1019.6,"AIKEN MUNICIPAL AIRPORT, SC US (Id=72060100193,7.9mi), KAIK (Id=KAIK,8.2mi), BLACKVILLE 3 W, SC US (Id=99999963826,21.0mi), KBNL (Id=KBNL,25.0mi), BARNWELL REGIONAL AIRPORT, SC US (Id=72060200194,25.0mi), AUGUSTA BUSH FIELD AIRPORT, GA US (Id=72218003820,26.0mi)",0.52,0.0,0.0,0.0,0.0,0.0,1.24,0.56
Full Gallop Farm Schooling Show (May 2020),2020-05-30,2020-05-30,-81.58405,33.57045,2020-05-29,2020-05-28,2020-05-27,2020-05-26,2020-05-25,2020-05-24,2020-05-23,,,,,,,,,,,77.4,0.74,12.3,9.0,76.46,49.2,32.2,1015.1,"AIKEN MUNICIPAL AIRPORT, SC US (Id=72060100193,7.9mi), KAIK (Id=KAIK,8.2mi), BLACKVILLE 3 W, SC US (Id=99999963826,21.0mi), KBNL (Id=KBNL,25.0mi), BARNWELL REGIONAL AIRPORT, SC US (Id=72060200194,25.0mi), AUGUSTA BUSH FIELD AIRPORT, GA US (Id=72218003820,26.0mi)",0.24,0.5,0.0,0.06,0.11,0.25,0.2,0.33
GMHA Festival of Eventing August Horse Trials(Aug ,2019-08-09,2019-08-09,-72.53926,43.55708,2019-08-08,2019-08-07,2019-08-06,2019-08-05,2019-08-04,2019-08-03,2019-08-02,,,,,,,,,,,70.0,0.0,14.6,9.9,62.47,37.0,26.4,1004.7,"LEBANON MUNICIPAL AIRPORT, NH US (Id=72611694765,13.0mi), KLEB (Id=KLEB,13.0mi), KVSF (Id=KVSF,14.0mi), SPRINGFIELD HARTNESS STATE AIRPORT, VT US (Id=72611554740,15.0mi), RUTLAND STATE AIRPORT, VT US (Id=72516594737,21.0mi), RUTLAND, VT (Id=KRUT,21.0mi)",0.32,0.09,0.13,0.0,0.0,0.0,0.0,0.0
GMHA Festival of Eventing August Horse Trials(Aug ,2020-08-07,2020-08-07,-72.53926,43.55708,2020-08-06,2020-08-05,2020-08-04,2020-08-03,2020-08-02,2020-08-01,2020-07-31,,,,,,,,,,,66.4,0.01,4.5,9.2,72.22,35.2,,1021.5,"LEBANON MUNICIPAL AIRPORT, NH US (Id=72611694765,13.0mi), KLEB (Id=KLEB,13.0mi), KVSF (Id=KVSF,14.0mi), SPRINGFIELD HARTNESS STATE AIRPORT, VT US (Id=72611554740,15.0mi), RUTLAND STATE AIRPORT, VT US (Id=72516594737,21.0mi), RUTLAND, VT (Id=KRUT,21.0mi)",0.55,0.0,0.0,1.17,0.01,0.06,0.0,0.0
Full Gallop February Schooling HT,2020-02-12,2020-02-12,-81.58405,33.57045,2020-02-11,2020-02-10,2020-02-09,2020-02-08,2020-02-07,2020-02-06,2020-02-05,,,,,,,,,,,65.6,0.0,8.8,8.1,88.3,64.4,,1016.7,"AIKEN MUNICIPAL AIRPORT, SC US (Id=72060100193,7.9mi), KAIK (Id=KAIK,8.2mi), BLACKVILLE 3 W, SC US (Id=99999963826,21.0mi), KBNL (Id=KBNL,25.0mi), BARNWELL REGIONAL AIRPORT, SC US (Id=72060200194,25.0mi), AUGUSTA BUSH FIELD AIRPORT, GA US (Id=72218003820,26.0mi)",0.55,0.17,0.0,0.0,0.0,0.01,2.05,0.39
Full Gallop February Schooling HT,2019-02-13,2019-02-13,-81.58405,33.57045,2019-02-12,2019-02-11,2019-02-10,2019-02-09,2019-02-08,2019-02-07,2019-02-06,,,,,,,,,,,48.7,0.0,13.5,9.9,52.41,10.6,20.5,1018.8,"AIKEN MUNICIPAL AIRPORT, SC US (Id=72060100193,7.9mi), KAIK (Id=KAIK,8.2mi), BLACKVILLE 3 W, SC US (Id=99999963826,21.0mi), KBNL (Id=KBNL,25.0mi), BARNWELL REGIONAL AIRPORT, SC US (Id=72060200194,25.0mi), AUGUSTA BUSH FIELD AIRPORT, GA US (Id=72218003820,26.0mi)",0.25,0.23,0.15,0.0,0.0,0.0,0.0,0.0
The Summer Event at Woodside (Aug 2020),2020-08-06,2020-08-06,-122.24548,37.40747,2020-08-05,2020-08-04,2020-08-03,2020-08-02,2020-08-01,2020-07-31,2020-07-30,,,,,,,,,,,63.3,0.0,17.5,8.5,73.93,60.6,36.2,1012.7,"KHAF (Id=KHAF,15.0mi), HALF MOON BAY AIRPORT, CA US (Id=72064600228,16.0mi), KSFO (Id=KSFO,16.0mi), SAN FRANCISCO INTERNATIONAL AIRPORT, CA US (Id=72494023234,16.0mi), SAN JOSE, CA US (Id=72494523293,18.0mi), KSJC (Id=KSJC,18.0mi)",0.53,0.0,0.02,0.0,0.0,0.0,0.0,0.0
Full Gallop July 6th Schooling ,2019-07-06,2019-07-06,-81.58405,33.57045,2019-07-05,2019-07-04,2019-07-03,2019-07-02,2019-07-01,2019-06-30,2019-06-29,,,,,,,,,,,77.7,0.01,6.7,9.4,86.18,48.8,,1017.2,"AIKEN MUNICIPAL AIRPORT, SC US (Id=72060100193,7.9mi), KAIK (Id=KAIK,8.2mi), BLACKVILLE 3 W, SC US (Id=99999963826,21.0mi), KBNL (Id=KBNL,25.0mi), BARNWELL REGIONAL AIRPORT, SC US (Id=72060200194,25.0mi), AUGUSTA BUSH FIELD AIRPORT, GA US (Id=72218003820,26.0mi)",0.07,0.09,0.05,0.0,0.0,0.0,0.0,0.0
Full Gallop March Schooling Show ,2019-03-13,2019-03-13,-81.58405,33.57045,2019-03-12,2019-03-11,2019-03-10,2019-03-09,2019-03-08,2019-03-07,2019-03-06,,,,,,,,,,,54.6,0.0,9.4,9.7,65.07,5.1,17.3,1024.1,"AIKEN MUNICIPAL AIRPORT, SC US (Id=72060100193,7.9mi), KAIK (Id=KAIK,8.2mi), BLACKVILLE 3 W, SC US (Id=99999963826,21.0mi), KBNL (Id=KBNL,25.0mi), BARNWELL REGIONAL AIRPORT, SC US (Id=72060200194,25.0mi), AUGUSTA BUSH FIELD AIRPORT, GA US (Id=72218003820,26.0mi)",0.17,0.0,0.05,0.0,0.0,0.0,0.0,0.0
Full Gallop March Schooling Show II ,2019-03-24,2019-03-24,-81.58405,33.57045,2019-03-23,2019-03-22,2019-03-21,2019-03-20,2019-03-19,2019-03-18,2019-03-17,,,,,,,,,,,56.7,0.0,12.8,9.7,59.1,6.7,19.7,1024.0,"AIKEN MUNICIPAL AIRPORT, SC US (Id=72060100193,7.9mi), KAIK (Id=KAIK,8.2mi), BLACKVILLE 3 W, SC US (Id=99999963826,21.0mi), KBNL (Id=KBNL,25.0mi), BARNWELL REGIONAL AIRPORT, SC US (Id=72060200194,25.0mi), AUGUSTA BUSH FIELD AIRPORT, GA US (Id=72218003820,26.0mi)",0.56,0.0,0.0,0.0,0.0,0.0,0.0,0.0
Full Moon Farms 2019 Spring Thing,2019-04-07,2019-04-07,-76.91386,39.4572,2019-04-06,2019-04-05,2019-04-04,2019-04-03,2019-04-02,2019-04-01,2019-03-31,,,,,,,,,,,58.7,0.01,11.9,9.7,65.46,61.7,20.8,1023.1,"WESTMINSTER CARROLL CO REGIONAL JB POAGE AIRPORT, MD US (Id=72069903724,12.0mi), BALTIMORE WASHINGTON INTERNATIONAL AIRPORT, MD US (Id=72406093721,23.0mi), KBWI (Id=KBWI,23.0mi), GAITHERSBURG, MD (Id=KGAI,24.0mi), GAITHERSBURG MONTGOMERY CO AIR PARK, MD US (Id=72033493764,24.0mi), YORK AIRPORT, PA US (Id=72511493778,32.0mi)",0.01,0.01,0.07,0.0,0.0,0.02,0.0,0.02
Horse Park of New Jersey H.T. II,2020-07-24,2020-07-24,-74.49821,40.19321,2020-07-23,2020-07-22,2020-07-21,2020-07-20,2020-07-19,2020-07-18,2020-07-17,,,,,,,,,,,75.2,1.22,9.1,9.5,92.42,61.0,31.1,1017.6,"KWRI (Id=KWRI,13.0mi), MCGUIRE AFB, NJ US (Id=72409614706,13.0mi), KTTN (Id=KTTN,18.0mi), TRENTON MERCER AIRPORT, NJ US (Id=72409514792,18.0mi), BELMAR FARMINGDALE ALLAIRE AIRPORT, NJ US (Id=72408454760,19.0mi), ALLAIRE, NJ (Id=KBLM,20.0mi)",0.07,0.2,0.19,0.0,0.0,0.0,0.0,0.0
Stableview Eventing Academy- July,2020-07-19,2020-07-19,-81.79998,33.64859000000001,2020-07-18,2020-07-17,2020-07-16,2020-07-15,2020-07-14,2020-07-13,2020-07-12,,,,,,,,,,,86.9,0.0,6.5,9.8,61.54,5.1,,1017.4,"KDNL (Id=KDNL,19.0mi), AUGUSTA DANIEL FIELD AIRPORT, GA US (Id=72218113837,19.0mi), AUGUSTA BUSH FIELD AIRPORT, GA US (Id=72218003820,22.0mi), KAGS (Id=KAGS,22.0mi)",0.99,0.0,0.0,0.0,0.0,0.0,0.0,0.0
Silverwood Farm Summer Horse Trials,2019-07-20,2019-07-20,-88.15521,42.53547,2019-07-19,2019-07-18,2019-07-17,2019-07-16,2019-07-15,2019-07-14,2019-07-13,,,,,,,,,,,77.4,0.39,15.6,9.6,85.95,45.5,34.0,1010.4,"KENOSHA REGIONAL AIRPORT, WI US (Id=72650504845,12.0mi), KENW (Id=KENW,12.0mi), KBUU (Id=KBUU,13.0mi), BURLINGTON MUNICIPAL AIRPORT, WI US (Id=72205904866,13.0mi), KUGN (Id=KUGN,17.0mi), CHICAGO WAUKEGAN REGIONAL AIRPORT, IL US (Id=72534714880,17.0mi)",0.54,0.0,1.14,0.41,0.0,0.0,0.0,0.0
Galway Downs Horse Trials (July 2020),2020-07-17,2020-07-17,-117.03396,33.48728,2020-07-16,2020-07-15,2020-07-14,2020-07-13,2020-07-12,2020-07-11,2020-07-10,,,,,,,,,,,71.0,0.0,11.1,9.2,65.73,14.5,17.2,1014.3,"KF70 (Id=KF70,8.0mi), FALLBROOK 5 NE, CA US (Id=99999953151,9.6mi), KL18 (Id=KL18,16.0mi), HEMET RYAN, CA US (Id=72068799999,17.0mi), CAMP PENDLETON MCAS, CA US (Id=72292603154,22.0mi), KNFG (Id=KNFG,23.0mi)",0.93,0.0,0.0,0.0,0.0,0.0,0.0,0.0
Galway Downs International Event & H.T. (Nov 2019),2019-10-31,2019-10-31,-117.03396,33.48728,2019-10-30,2019-10-29,2019-10-28,2019-10-27,2019-10-26,2019-10-25,2019-10-24,,,,,,,,,,,59.8,0.0,10.7,9.9,8.46,0.3,19.7,1018.7,"KF70 (Id=KF70,8.0mi), FALLBROOK 5 NE, CA US (Id=99999953151,9.6mi), KL18 (Id=KL18,16.0mi), CAMP PENDLETON MCAS, CA US (Id=72292603154,22.0mi), KNFG (Id=KNFG,23.0mi)",0.05,0.0,0.0,0.0,0.0,0.0,0.0,0.0
Galway Downs International Event and H.T. (2019),2019-03-29,2019-03-29,-117.03396,33.48728,2019-03-28,2019-03-27,2019-03-26,2019-03-25,2019-03-24,2019-03-23,2019-03-22,,,,,,,,,,,55.2,0.0,8.1,9.8,71.53,2.6,,1020.9,"KF70 (Id=KF70,8.0mi), FALLBROOK 5 NE, CA US (Id=99999953151,9.6mi), KL18 (Id=KL18,16.0mi), CAMP PENDLETON MCAS, CA US (Id=72292603154,22.0mi), KNFG (Id=KNFG,23.0mi)",0.79,0.0,0.0,0.0,0.0,0.0,0.0,0.01
Poplar Place Farm May H.T.(JULY 2020),2020-07-11,2020-07-11,-84.86506999999997,32.7023,2020-07-10,2020-07-09,2020-07-08,2020-07-07,2020-07-06,2020-07-05,2020-07-04,,,,,,,,,,,84.7,0.0,14.8,9.9,60.77,0.7,25.8,1012.7,"KCSG (Id=KCSG,13.0mi), COLUMBUS METROPOLITAN AIRPORT, GA US (Id=72225593842,14.0mi), FORT BENNING LAWSON FIELD, GA US (Id=72225013829,26.0mi), KLSF (Id=KLSF,27.0mi), AUBURN-OPELIKA A, AL (Id=KAUO,33.0mi), AUBURN OPELIKA AIRPORT, AL US (Id=72228403892,34.0mi)",0.66,0.0,0.0,0.27,0.74,0.97,0.05,0.0
Galway Downs Spring Horse Trials (2019),2019-05-10,2019-05-10,-117.03396,33.48728,2019-05-09,2019-05-08,2019-05-07,2019-05-06,2019-05-05,2019-05-04,2019-05-03,,,,,,,,,,,57.7,0.09,6.8,9.9,82.37,55.3,,1010.4,"KF70 (Id=KF70,8.0mi), FALLBROOK 5 NE, CA US (Id=99999953151,9.6mi), KL18 (Id=KL18,16.0mi), CAMP PENDLETON MCAS, CA US (Id=72292603154,22.0mi), KNFG (Id=KNFG,23.0mi)",0.14,0.04,0.0,0.04,0.2,0.0,0.0,0.0
Galway Downs Winter H.T.(Jan 2020),2020-01-31,2020-01-31,-117.03396,33.48728,2020-01-30,2020-01-29,2020-01-28,2020-01-27,2020-01-26,2020-01-25,2020-01-24,,,,,,,,,,,59.4,0.0,8.2,9.9,36.81,1.4,,1022.1,"KF70 (Id=KF70,8.0mi), FALLBROOK 5 NE, CA US (Id=99999953151,9.6mi), KL18 (Id=KL18,16.0mi), HEMET RYAN, CA US (Id=72068799999,17.0mi), CAMP PENDLETON MCAS, CA US (Id=72292603154,22.0mi), KNFG (Id=KNFG,23.0mi)",0.15,0.0,0.0,0.0,0.0,0.0,0.0,0.0
Maryland H.T. at Loch Moy Farm II(Jul 2020),2020-07-10,2020-07-10,-77.42949,39.27075,2020-07-09,2020-07-08,2020-07-07,2020-07-06,2020-07-05,2020-07-04,2020-07-03,,,,,,,,,,,78.5,0.0,8.0,9.9,77.69,38.8,16.1,1011.7,"KJYO (Id=KJYO,15.0mi), LEESBURG EXECUTIVE AIRPORT, VA US (Id=72405503714,15.0mi), GAITHERSBURG, MD (Id=KGAI,16.0mi), GAITHERSBURG MONTGOMERY CO AIR PARK, MD US (Id=72033493764,16.0mi), KIAD (Id=KIAD,22.0mi), WASHINGTON DULLES INTERNATIONAL AIRPORT, VA US (Id=72403093738,23.0mi)",0.62,0.0,0.01,1.08,0.03,0.53,0.0,0.0
Galway Downs Winter Horse Trials,2019-02-01,2019-02-01,-117.03396,33.48728,2019-01-31,2019-01-30,2019-01-29,2019-01-28,2019-01-27,2019-01-26,2019-01-25,,,,,,,,,,,51.4,0.26,7.3,8.9,84.09,39.4,16.1,1015.5,"KF70 (Id=KF70,8.0mi), FALLBROOK 5 NE, CA US (Id=99999953151,9.6mi), KL18 (Id=KL18,16.0mi), CAMP PENDLETON MCAS, CA US (Id=72292603154,22.0mi), KNFG (Id=KNFG,23.0mi)",0.94,0.91,0.0,0.14,0.0,0.0,0.0,0.0
Horse Park of New Jersey H.T. I,2019-06-28,2019-06-28,-74.49821,40.19321,2019-06-27,2019-06-26,2019-06-25,2019-06-24,2019-06-23,2019-06-22,2019-06-21,,,,,,,,,,,78.9,0.02,8.8,9.8,63.66,11.0,,1020.1,"KWRI (Id=KWRI,13.0mi), MCGUIRE AFB, NJ US (Id=72409614706,13.0mi), KTTN (Id=KTTN,18.0mi), TRENTON MERCER AIRPORT, NJ US (Id=72409514792,18.0mi), BELMAR FARMINGDALE ALLAIRE AIRPORT, NJ US (Id=72408454760,19.0mi), ALLAIRE, NJ (Id=KBLM,20.0mi)",0.88,0.0,0.0,0.61,0.0,0.0,0.0,0.4
Texas Rose Horse Park H.T.,2020-06-19,2020-06-19,-95.50306,32.47226,2020-06-18,2020-06-17,2020-06-16,2020-06-15,2020-06-14,2020-06-13,2020-06-12,,,,,,,,,,,81.4,0.0,13.6,9.9,59.8,9.1,20.8,1014.8,"TYLER POUNDS FIELD, TX US (Id=72244813972,10.0mi), KTYR (Id=KTYR,10.0mi), KJDD (Id=KJDD,19.0mi), MINEOLA WOOD CO AIRPORT, TX US (Id=72204253978,19.0mi)",0.98,0.0,0.0,0.02,0.19,0.0,0.0,0.0
Grand Oaks Horse Trials(Jan 2020),2020-01-18,2020-01-18,-82.21323000000002,29.40346,2020-01-17,2020-01-16,2020-01-15,2020-01-14,2020-01-13,2020-01-12,2020-01-11,,,,,,,,,,,63.5,0.0,11.9,9.7,76.25,21.1,18.6,1026.8,"OCALA, FL (Id=KOCF,16.0mi), OCALA JIM TAYLOR FIELD, FL US (Id=72205512861,16.0mi), GAINESVILLE REGIONAL AIRPORT, FL US (Id=74756012816,20.0mi), KGNV (Id=KGNV,21.0mi), INVERNESS AIRPORT, FL US (Id=72473700377,41.0mi), KCGC (Id=KCGC,43.0mi)",0.78,0.0,0.0,0.0,0.0,0.0,0.01,0.0
Silverwood Farm Spring Horse Trials,2020-06-13,2020-06-13,-88.15521,42.53547,2020-06-12,2020-06-11,2020-06-10,2020-06-09,2020-06-08,2020-06-07,2020-06-06,,,,,,,,,,,56.3,0.0,14.0,9.9,60.68,16.4,26.4,1026.9,"KENOSHA REGIONAL AIRPORT, WI US (Id=72650504845,12.0mi), KENW (Id=KENW,12.0mi), KBUU (Id=KBUU,13.0mi), BURLINGTON MUNICIPAL AIRPORT, WI US (Id=72205904866,13.0mi), KUGN (Id=KUGN,17.0mi), CHICAGO WAUKEGAN REGIONAL AIRPORT, IL US (Id=72534714880,17.0mi)",0.74,0.0,0.0,0.55,0.19,0.0,0.0,0.0
Stable View Eventing Academy Schooling HorseTrial,2020-05-23,2020-05-23,-81.79998,33.64859000000001,2020-05-22,2020-05-21,2020-05-20,2020-05-19,2020-05-18,2020-05-17,2020-05-16,,,,,,,,,,,76.9,0.33,13.0,9.7,71.16,18.2,17.2,1017.7,"KAIK (Id=KAIK,6.3mi), AIKEN MUNICIPAL AIRPORT, SC US (Id=72060100193,6.7mi), KDNL (Id=KDNL,19.0mi), AUGUSTA DANIEL FIELD AIRPORT, GA US (Id=72218113837,19.0mi), AUGUSTA BUSH FIELD AIRPORT, GA US (Id=72218003820,22.0mi), KAGS (Id=KAGS,22.0mi)",0.0,0.27,0.06,0.59,1.2,3.45,0.0,0.0
Texas Rose Horse Park H.T.(Mar 2020),2020-03-27,2020-03-27,-95.50306,32.47226,2020-03-26,2020-03-25,2020-03-24,2020-03-23,2020-03-22,2020-03-21,2020-03-20,,,,,,,,,,,76.3,0.0,22.6,9.8,70.11,31.4,31.5,1006.9,"TYLER POUNDS FIELD, TX US (Id=72244813972,10.0mi), KTYR (Id=KTYR,10.0mi), KJDD (Id=KJDD,19.0mi), MINEOLA WOOD CO AIRPORT, TX US (Id=72204253978,19.0mi)",0.03,0.01,0.02,0.03,0.05,0.46,0.32,1.4
Meadow Creek Park - The Spring Social Event,2019-03-16,2019-03-16,-96.6406,31.26988,2019-03-15,2019-03-14,2019-03-13,2019-03-12,2019-03-11,2019-03-10,2019-03-09,,,,,,,,,,,50.1,0.0,7.9,9.9,53.04,27.9,,,"KLXY (Id=KLXY,27.0mi), MEXIA LIMESTONE CO AIRPORT, TX US (Id=72077900461,27.0mi), HEARNE MUNICIPAL AIRPORT, TX US (Id=72030353973,28.0mi), KLHB (Id=KLHB,28.0mi), CAMERON MUNICIPAL AIRPORT, TX US (Id=72103400351,33.0mi), KT35 (Id=KT35,34.0mi)",0.34,0.0,0.57,0.88,0.0,0.02,0.0,0.16
Meadow Creek Park - The Spring Social Event,2020-03-13,2020-03-13,-96.6406,31.26988,2020-03-12,2020-03-11,2020-03-10,2020-03-09,2020-03-08,2020-03-07,2020-03-06,,,,,,,,,,,73.6,0.0,15.0,9.9,74.29,75.5,23.0,,"KLXY (Id=KLXY,27.0mi), MEXIA LIMESTONE CO AIRPORT, TX US (Id=72077900461,27.0mi), HEARNE MUNICIPAL AIRPORT, TX US (Id=72030353973,28.0mi), KLHB (Id=KLHB,28.0mi)",0.58,0.0,0.0,0.0,0.15,0.0,0.0,0.0
Pine Top Spring Horse Trials,2019-03-15,2019-03-15,-96.23961,29.95875,2019-03-14,2019-03-13,2019-03-12,2019-03-11,2019-03-10,2019-03-09,2019-03-08,,,,,,,,,,,55.6,0.0,15.7,9.9,44.92,38.5,24.9,1025.1,"K11R (Id=K11R,20.0mi), BRENHAM MUNICIPAL AIRPORT, TX US (Id=A0000253928,20.0mi), KELA (Id=KELA,25.0mi), K66R (Id=K66R,27.0mi), HOUSTON HOOKS MEMORIAL AIRPORT, TX US (Id=72242953910,42.0mi), KSGR (Id=KSGR,42.0mi)",0.28,0.25,0.35,0.0,0.0,0.0,0.0,0.0
Ocala Winter II H.T.(Mar 2020),2020-03-12,2020-03-12,-82.13986,29.05603,2020-03-11,2020-03-10,2020-03-09,2020-03-08,2020-03-07,2020-03-06,2020-03-05,,,,,,,,,,,68.4,0.0,5.7,9.7,68.94,10.2,,1018.5,"OCALA, FL (Id=KOCF,9.3mi), OCALA JIM TAYLOR FIELD, FL US (Id=72205512861,9.5mi), INVERNESS AIRPORT, FL US (Id=72473700377,20.0mi), LEESBURG MUNICIPAL AIRPORT, FL US (Id=72221312819,26.0mi), KLEE (Id=KLEE,26.0mi)",0.54,0.0,0.0,0.0,0.0,0.0,0.03,0.0
Horse Trials at Majestic Oaks (Jan 2020),2020-01-11,2020-01-11,-82.21323000000002,29.40346,2020-01-10,2020-01-09,2020-01-08,2020-01-07,2020-01-06,2020-01-05,2020-01-04,,,,,,,,,,,72.6,0.0,16.0,9.3,84.43,69.8,24.6,1023.5,"OCALA, FL (Id=KOCF,16.0mi), OCALA JIM TAYLOR FIELD, FL US (Id=72205512861,16.0mi), GAINESVILLE REGIONAL AIRPORT, FL US (Id=74756012816,20.0mi), KGNV (Id=KGNV,21.0mi), INVERNESS AIRPORT, FL US (Id=72473700377,41.0mi), KCGC (Id=KCGC,43.0mi)",0.5,0.0,0.0,0.0,0.0,0.0,0.0,0.54
Red Hills International Horse Trial ,2020-03-06,2020-03-06,-84.30026,30.53853,2020-03-05,2020-03-04,2020-03-03,2020-03-02,2020-03-01,2020-02-29,2020-02-28,,,,,,,,,,,59.1,0.0,19.9,9.9,52.69,46.9,30.9,1021.3,"TALLAHASSEE REGIONAL AIRPORT, FL US (Id=72214093805,11.0mi), KTLH (Id=KTLH,12.0mi), 99999900325 (16.0mi), KBGE (Id=KBGE,36.0mi), BAINBRIDGE DECATUR CO INDUSTRIAL AIR PARK AIRPORT, GA US (Id=72026853882,37.0mi)",0.41,0.3,0.61,0.5,0.03,0.0,0.0,0.0
Hunt Club Farms-Eventing For The Cure!,2019-08-31,2019-08-31,-78.03623,39.19103,2019-08-30,2019-08-29,2019-08-28,2019-08-27,2019-08-26,2019-08-25,2019-08-24,,,,,,,,,,,72.0,0.0,6.7,9.9,71.64,26.5,17.2,1022.0,"WINCHESTER REGIONAL AIRPORT, VA US (Id=72405303717,6.7mi), KOKV (Id=KOKV,6.7mi), KMRB (Id=KMRB,15.0mi), MARTINSBURG EASTERN WEST VIRGINIA REGIONAL AIRPORT, WV US (Id=72417713734,16.0mi), KFRR (Id=KFRR,23.0mi), KJYO (Id=KJYO,27.0mi)",0.0,0.0,0.0,0.42,0.03,0.0,0.0,0.0
Jersey Fresh International Three-day Event,2019-05-08,2019-05-08,-74.49821,40.19321,2019-05-07,2019-05-06,2019-05-05,2019-05-04,2019-05-03,2019-05-02,2019-05-01,,,,,,,,,,,61.0,0.46,9.7,9.5,80.59,65.8,,1021.7,"KWRI (Id=KWRI,13.0mi), MCGUIRE AFB, NJ US (Id=72409614706,13.0mi), KTTN (Id=KTTN,18.0mi), TRENTON MERCER AIRPORT, NJ US (Id=72409514792,18.0mi), BELMAR FARMINGDALE ALLAIRE AIRPORT, NJ US (Id=72408454760,19.0mi), ALLAIRE, NJ (Id=KBLM,20.0mi)",0.05,0.34,0.01,1.4,0.05,0.0,0.0,0.0
Kent School Fall H.T.(Oct 2019),2019-10-06,2019-10-06,-72.7383,41.5735,2019-10-05,2019-10-04,2019-10-03,2019-10-02,2019-10-01,2019-09-30,2019-09-29,,,,,,,,,,,56.5,0.0,13.5,9.9,79.94,81.8,18.9,1026.6,"MERIDEN MARKHAM MUNICIPAL AIRPORT, CT US (Id=72502754788,6.4mi), KMMK (Id=KMMK,6.5mi), KHFD (Id=KHFD,12.0mi), HARTFORD BRAINARD FIELD, CT US (Id=72508714752,12.0mi), OXFORD, CT (Id=KOXC,21.0mi), OXFORD WATERBURY, CT US (Id=72502964707,21.0mi)",0.27,0.0,0.04,0.31,0.07,0.26,0.0,0.0
Three Lakes Winter II HT ,2019-02-23,2019-02-23,-81.83154,28.61913,2019-02-22,2019-02-21,2019-02-20,2019-02-19,2019-02-18,2019-02-17,2019-02-16,,,,,,,,,,,77.2,0.0,9.9,9.7,76.32,57.5,21.9,1020.0,"KLEE (Id=KLEE,14.0mi), LEESBURG MUNICIPAL AIRPORT, FL US (Id=72221312819,14.0mi), ORLANDO EXECUTIVE AIRPORT, FL US (Id=72205312841,31.0mi), KORL (Id=KORL,31.0mi), INVERNESS AIRPORT, FL US (Id=72473700377,33.0mi), KISSIMMEE AIRPORT, FL (Id=KISM,33.0mi)",0.58,0.03,0.0,0.04,0.0,0.0,0.0,0.0
Three Lakes Winter II HT ,2020-02-22,2020-02-22,-81.83154,28.61913,2020-02-21,2020-02-20,2020-02-19,2020-02-18,2020-02-17,2020-02-16,2020-02-15,,,,,,,,,,,53.7,0.0,16.2,9.7,67.45,21.8,23.4,1026.2,"KLEE (Id=KLEE,14.0mi), LEESBURG MUNICIPAL AIRPORT, FL US (Id=72221312819,14.0mi), ORLANDO EXECUTIVE AIRPORT, FL US (Id=72205312841,31.0mi), KORL (Id=KORL,31.0mi), INVERNESS AIRPORT, FL US (Id=72473700377,33.0mi), KISSIMMEE AIRPORT, FL (Id=KISM,33.0mi)",0.99,0.07,0.0,0.0,0.0,0.0,0.11,0.0
Pine Top Advanced Horse Trials,2019-02-22,2019-02-22,-82.46623000000002,33.45322,2019-02-21,2019-02-20,2019-02-19,2019-02-18,2019-02-17,2019-02-16,2019-02-15,,,,,,,,,,,57.2,0.05,11.0,4.1,95.43,92.5,,1021.8,"KHQU (Id=KHQU,6.2mi), KDNL (Id=KDNL,25.0mi), AUGUSTA DANIEL FIELD AIRPORT, GA US (Id=72218113837,25.0mi), KAGS (Id=KAGS,29.0mi), AUGUSTA BUSH FIELD AIRPORT, GA US (Id=72218003820,30.0mi)",0.54,0.01,0.09,0.14,0.16,0.01,0.28,0.21
Pine Top Advanced Horse Trials,2020-02-21,2020-02-21,-82.46623000000002,33.45322,2020-02-20,2020-02-19,2020-02-18,2020-02-17,2020-02-16,2020-02-15,2020-02-14,,,,,,,,,,,38.6,0.0,16.3,9.9,71.1,44.7,24.4,1030.1,"THOMSON MCDUFFIE CO AIRPORT, GA US (Id=72028963836,6.0mi), KHQU (Id=KHQU,6.2mi), KDNL (Id=KDNL,25.0mi), AUGUSTA DANIEL FIELD AIRPORT, GA US (Id=72218113837,25.0mi)",0.97,0.96,0.47,1.45,0.01,0.24,0.0,0.0
Rocking Horse Winter 2 Horse Trials,2019-02-14,2019-02-14,-81.64143,28.99305,2019-02-13,2019-02-12,2019-02-11,2019-02-10,2019-02-09,2019-02-08,2019-02-07,,,,,,,,,,,58.0,0.01,9.6,9.9,66.91,3.2,19.7,1019.5,"LEESBURG MUNICIPAL AIRPORT, FL US (Id=72221312819,16.0mi), KLEE (Id=KLEE,16.0mi), DELAND MUNICIPAL AIRPORT SYDNEY H TAYLOR FIELD, FL US (Id=72090400299,22.0mi), KDED (Id=KDED,22.0mi), ORLANDO SANFORD AIRPORT, FL US (Id=72205712854,28.0mi), KSFB (Id=KSFB,29.0mi)",0.31,0.17,0.27,0.0,0.22,0.0,0.0,0.0
Rocking Horse Winter 2 Horse Trials,2020-02-13,2020-02-13,-81.64143,28.99305,2020-02-12,2020-02-11,2020-02-10,2020-02-09,2020-02-08,2020-02-07,2020-02-06,,,,,,,,,,,76.9,0.0,15.0,9.9,73.36,38.8,25.6,1017.0,"LEESBURG MUNICIPAL AIRPORT, FL US (Id=72221312819,16.0mi), KLEE (Id=KLEE,16.0mi), DELAND MUNICIPAL AIRPORT SYDNEY H TAYLOR FIELD, FL US (Id=72090400299,22.0mi), KDED (Id=KDED,22.0mi), ORLANDO SANFORD AIRPORT, FL US (Id=72205712854,28.0mi), KSFB (Id=KSFB,29.0mi)",0.6,0.0,0.0,0.0,0.0,0.0,0.82,0.0
Long Leaf Pine Horse Trials - CHP,2019-04-20,2019-04-20,-79.36633,35.01506,2019-04-19,2019-04-18,2019-04-17,2019-04-16,2019-04-15,2019-04-14,2019-04-13,,,,,,,,,,,56.3,0.1,19.1,9.9,72.3,65.3,29.9,1008.3,"KHFF (Id=KHFF,7.6mi), FORT BRAGG MACKALL ARMY AIR FIELD, NC US (Id=72303493747,7.7mi), SOUTHERN PINES A, NC (Id=KSOP,15.0mi), MOORE CO AIRPORT, NC US (Id=72314303720,15.0mi), LAURINBURG MAXTON AIRPORT, NC US (Id=72310993782,15.0mi), KMEB (Id=KMEB,16.0mi)",0.5,0.39,0.0,0.0,0.03,0.21,0.68,0.34
Loudoun Hunt Pony Club Spring Horse Trial (April 2,2019-04-27,2019-04-27,-77.55527,39.14542,2019-04-26,2019-04-25,2019-04-24,2019-04-23,2019-04-22,2019-04-21,2019-04-20,,,,,,,,,,,59.7,0.0,27.3,9.9,45.36,23.7,37.8,1008.4,"KJYO (Id=KJYO,4.5mi), LEESBURG EXECUTIVE AIRPORT, VA US (Id=72405503714,4.7mi), KIAD (Id=KIAD,15.0mi), WASHINGTON DULLES INTERNATIONAL AIRPORT, VA US (Id=72403093738,16.0mi), GAITHERSBURG, MD (Id=KGAI,21.0mi), GAITHERSBURG MONTGOMERY CO AIR PARK, MD US (Id=72033493764,21.0mi)",0.76,0.49,0.02,0.0,0.0,0.0,0.0,0.01
Pine Top Intermediate Horse Trials,2019-02-08,2019-02-08,-82.46623000000002,33.45322,2019-02-07,2019-02-06,2019-02-05,2019-02-04,2019-02-03,2019-02-02,2019-02-01,,,,,,,,,,,62.3,0.0,16.7,9.9,52.85,18.9,20.6,1022.4,"THOMSON MCDUFFIE CO AIRPORT, GA US (Id=72028963836,6.0mi), KHQU (Id=KHQU,6.2mi), KDNL (Id=KDNL,25.0mi), AUGUSTA DANIEL FIELD AIRPORT, GA US (Id=72218113837,25.0mi), KAGS (Id=KAGS,29.0mi), AUGUSTA BUSH FIELD AIRPORT, GA US (Id=72218003820,30.0mi)",0.04,0.0,0.0,0.0,0.0,0.0,0.0,0.0
Pine Top Intermediate Horse Trials,2020-02-07,2020-02-07,-82.46623000000002,33.45322,2020-02-06,2020-02-05,2020-02-04,2020-02-03,2020-02-02,2020-02-01,2020-01-31,,,,,,,,,,,46.1,0.34,23.4,9.9,66.46,52.5,33.8,1007.6,"THOMSON MCDUFFIE CO AIRPORT, GA US (Id=72028963836,6.0mi), KHQU (Id=KHQU,6.2mi), KDNL (Id=KDNL,25.0mi), AUGUSTA DANIEL FIELD AIRPORT, GA US (Id=72218113837,25.0mi)",0.46,3.54,0.46,0.0,0.0,0.0,0.0,0.89
Ocala Winter I Horse Trials,2020-02-06,2020-02-06,-82.13986,29.05603,2020-02-05,2020-02-04,2020-02-03,2020-02-02,2020-02-01,2020-01-31,2020-01-30,,,,,,,,,,,75.3,0.21,31.2,9.8,78.65,72.2,46.6,1007.0,"OCALA, FL (Id=KOCF,9.3mi), OCALA JIM TAYLOR FIELD, FL US (Id=72205512861,9.5mi), INVERNESS AIRPORT, FL US (Id=72473700377,20.0mi), LEESBURG MUNICIPAL AIRPORT, FL US (Id=72221312819,26.0mi), KLEE (Id=KLEE,26.0mi), CRYSTAL RIVER AIRPORT, FL US (Id=72065500235,29.0mi)",0.43,0.0,0.0,0.0,0.0,0.05,0.0,0.0
Three Lakes Winter 1,2019-02-02,2019-02-02,-81.83154,28.61913,2019-02-01,2019-01-31,2019-01-30,2019-01-29,2019-01-28,2019-01-27,2019-01-26,,,,,,,,,,,66.5,0.01,10.2,9.8,85.78,71.2,,1020.6,"KLEE (Id=KLEE,14.0mi), LEESBURG MUNICIPAL AIRPORT, FL US (Id=72221312819,14.0mi), ORLANDO EXECUTIVE AIRPORT, FL US (Id=72205312841,31.0mi), KORL (Id=KORL,31.0mi), INVERNESS AIRPORT, FL US (Id=72473700377,33.0mi), KISSIMMEE AIRPORT, FL (Id=KISM,33.0mi)",0.97,0.0,0.0,0.0,0.0,0.2,1.47,0.0
Three Lakes Winter 1,2020-02-01,2020-02-01,-81.83154,28.61913,2020-01-31,2020-01-30,2020-01-29,2020-01-28,2020-01-27,2020-01-26,2020-01-25,,,,,,,,,,,59.3,0.21,11.6,6.8,88.99,65.2,25.3,1015.6,"KLEE (Id=KLEE,14.0mi), LEESBURG MUNICIPAL AIRPORT, FL US (Id=72221312819,14.0mi), ORLANDO EXECUTIVE AIRPORT, FL US (Id=72205312841,31.0mi), KORL (Id=KORL,31.0mi), INVERNESS AIRPORT, FL US (Id=72473700377,33.0mi), KISSIMMEE AIRPORT, FL (Id=KISM,33.0mi)",0.2,0.02,0.0,0.01,0.0,0.01,0.0,0.0
Sporting Days Farm Feb. HT,2019-02-03,2019-02-03,-72.56326,43.81005,2019-02-02,2019-02-01,2019-01-31,2019-01-30,2019-01-29,2019-01-28,2019-01-27,,,,,,,,,,,25.8,0.02,5.3,9.6,76.96,94.3,,1019.2,"KLEB (Id=KLEB,18.0mi), LEBANON MUNICIPAL AIRPORT, NH US (Id=72611694765,18.0mi), KMPV (Id=KMPV,27.0mi), BARRE MONTPELIER KNAPP STATE AIRPORT, VT US (Id=72614594705,27.0mi), RUTLAND STATE AIRPORT, VT US (Id=72516594737,27.0mi), RUTLAND, VT (Id=KRUT,27.0mi)",0.99,0.0,0.0,0.01,0.06,0.06,0.0,0.02
Rocking Horse Winter I H.T.(Jan 2020),2020-01-24,2020-01-24,-81.64143,28.99305,2020-01-23,2020-01-22,2020-01-21,2020-01-20,2020-01-19,2020-01-18,2020-01-17,,,,,,,,,,,65.0,0.0,9.5,8.6,80.23,54.3,,1017.0,"LEESBURG MUNICIPAL AIRPORT, FL US (Id=72221312819,16.0mi), KLEE (Id=KLEE,16.0mi), DELAND MUNICIPAL AIRPORT SYDNEY H TAYLOR FIELD, FL US (Id=72090400299,22.0mi), KDED (Id=KDED,22.0mi)",1.0,0.02,0.0,0.0,0.0,0.0,0.0,0.0
Stable View Aiken Opener H.T.,2021-01-23,2021-01-23,-81.79998,33.64859000000001,2021-01-22,2021-01-21,2021-01-20,2021-01-19,2021-01-18,2021-01-17,2021-01-16,,,,,,,,,,,43.7,0.0,12.2,9.3,63.46,10.4,17.2,1020.8,"KAIK (Id=KAIK,6.3mi), AIKEN MUNICIPAL AIRPORT, SC US (Id=72060100193,6.7mi), KDNL (Id=KDNL,19.0mi), AUGUSTA DANIEL FIELD AIRPORT, GA US (Id=72218113837,19.0mi), AUGUSTA BUSH FIELD AIRPORT, GA US (Id=72218003820,22.0mi), KAGS (Id=KAGS,22.0mi)",0.35,0.1,0.01,0.0,0.01,0.01,0.0,0.01
MDHT at Loch Moy Farm Classic BN3 Day Event & H.T.,2019-10-11,2019-10-11,-77.42949,39.27075,2019-10-10,2019-10-09,2019-10-08,2019-10-07,2019-10-06,2019-10-05,2019-10-04,,,,,,,,,,,59.6,0.0,8.1,9.9,61.37,4.2,17.2,1021.1,"KJYO (Id=KJYO,15.0mi), LEESBURG EXECUTIVE AIRPORT, VA US (Id=72405503714,15.0mi), GAITHERSBURG, MD (Id=KGAI,16.0mi), GAITHERSBURG MONTGOMERY CO AIR PARK, MD US (Id=72033493764,16.0mi), KIAD (Id=KIAD,22.0mi), WASHINGTON DULLES INTERNATIONAL AIRPORT, VA US (Id=72403093738,23.0mi)",0.46,0.0,0.1,0.12,0.04,0.0,0.0,0.0
Sporting Days Farm Horse Trials IV(Dec 2019),2019-12-07,2019-12-07,-81.59201,33.521390000000004,2019-12-06,2019-12-05,2019-12-04,2019-12-03,2019-12-02,2019-12-01,2019-11-30,,,,,,,,,,,52.6,0.0,10.0,9.9,68.83,57.9,11.4,1023.8,"AIKEN MUNICIPAL AIRPORT, SC US (Id=72060100193,10.0mi), KAIK (Id=KAIK,11.0mi), BLACKVILLE 3 W, SC US (Id=99999963826,19.0mi), KBNL (Id=KBNL,22.0mi), BARNWELL REGIONAL AIRPORT, SC US (Id=72060200194,22.0mi), AUGUSTA BUSH FIELD AIRPORT, GA US (Id=72218003820,24.0mi)",0.37,0.0,0.0,0.0,0.0,0.0,0.46,0.0
Pine Top Thanksgiving Horse Trials,2019-11-30,2019-11-30,-82.46623000000002,33.45322,2019-11-29,2019-11-28,2019-11-27,2019-11-26,2019-11-25,2019-11-24,2019-11-23,,,,,,,,,,,58.6,0.0,6.9,9.9,67.43,51.2,,1015.3,"THOMSON MCDUFFIE CO AIRPORT, GA US (Id=72028963836,6.0mi), KHQU (Id=KHQU,6.2mi), KDNL (Id=KDNL,25.0mi), AUGUSTA DANIEL FIELD AIRPORT, GA US (Id=72218113837,25.0mi), KAGS (Id=KAGS,29.0mi), AUGUSTA BUSH FIELD AIRPORT, GA US (Id=72218003820,30.0mi)",0.06,0.0,0.0,0.02,0.0,0.0,0.1,0.47
Stable View Schooling Horse Trial(November),2019-11-17,2019-11-17,-81.79998,33.64859000000001,2019-11-16,2019-11-15,2019-11-14,2019-11-13,2019-11-12,2019-11-11,2019-11-10,,,,,,,,,,,49.4,0.0,15.8,9.7,65.08,57.7,24.2,1015.3,"KAIK (Id=KAIK,6.3mi), AIKEN MUNICIPAL AIRPORT, SC US (Id=72060100193,6.7mi), KDNL (Id=KDNL,19.0mi), AUGUSTA DANIEL FIELD AIRPORT, GA US (Id=72218113837,19.0mi), AUGUSTA BUSH FIELD AIRPORT, GA US (Id=72218003820,22.0mi), KAGS (Id=KAGS,22.0mi)",0.61,0.53,1.08,0.0,0.0,0.15,0.0,0.0
Ocala Jockey Club International 3-Day Event,2019-11-14,2019-11-14,-82.13986,29.05603,2019-11-13,2019-11-12,2019-11-11,2019-11-10,2019-11-09,2019-11-08,2019-11-07,,,,,,,,,,,63.0,0.01,10.3,8.8,91.42,79.3,19.7,1020.0,"OCALA, FL (Id=KOCF,9.3mi), OCALA JIM TAYLOR FIELD, FL US (Id=72205512861,9.5mi), INVERNESS AIRPORT, FL US (Id=72473700377,20.0mi), LEESBURG MUNICIPAL AIRPORT, FL US (Id=72221312819,26.0mi), KLEE (Id=KLEE,26.0mi), CRYSTAL RIVER AIRPORT, FL US (Id=72065500235,29.0mi)",0.52,0.0,0.08,0.0,0.0,0.28,0.12,0.0
Millbrook H.T.(Aug 2019),2019-08-01,2019-08-01,-73.61338,41.86105,2019-07-31,2019-07-30,2019-07-29,2019-07-28,2019-07-27,2019-07-26,2019-07-25,,,,,,,,,,,71.8,0.0,8.1,8.7,74.1,7.0,,1018.3,"MILLBROOK 3 W, NY US (Id=99999964756,8.4mi), KPOU (Id=KPOU,21.0mi), POUGHKEEPSIE AIRPORT, NY US (Id=72503614757,21.0mi), DANBURY MUNICIPAL AIRPORT, CT US (Id=72508654734,35.0mi), KDXR (Id=KDXR,35.0mi), OXFORD WATERBURY, CT US (Id=72502964707,36.0mi)",1.0,0.13,0.0,0.0,0.0,0.0,0.0,0.0
Majestic Oaks Horse Trials,2019-01-12,2019-01-12,-82.21323000000002,29.40346,2019-01-11,2019-01-10,2019-01-09,2019-01-08,2019-01-07,2019-01-06,2019-01-05,,,,,,,,,,,62.7,0.0,11.4,9.9,72.72,66.0,20.8,1023.6,"OCALA, FL (Id=KOCF,16.0mi), OCALA JIM TAYLOR FIELD, FL US (Id=72205512861,16.0mi), GAINESVILLE REGIONAL AIRPORT, FL US (Id=74756012816,20.0mi), KGNV (Id=KGNV,21.0mi), INVERNESS AIRPORT, FL US (Id=72473700377,41.0mi), KCGC (Id=KCGC,43.0mi)",0.14,0.0,0.0,0.0,0.0,0.0,0.0,0.0
Morven Park Fall International H.T. & CCIS-2/3/4*,2019-10-04,2019-10-04,-77.55527,39.14542,2019-10-03,2019-10-02,2019-10-01,2019-09-30,2019-09-29,2019-09-28,2019-09-27,,,,,,,,,,,67.9,0.0,15.2,9.6,65.27,35.0,24.2,1019.5,"KJYO (Id=KJYO,4.5mi), LEESBURG EXECUTIVE AIRPORT, VA US (Id=72405503714,4.7mi), KIAD (Id=KIAD,15.0mi), WASHINGTON DULLES INTERNATIONAL AIRPORT, VA US (Id=72403093738,16.0mi), GAITHERSBURG, MD (Id=KGAI,21.0mi), GAITHERSBURG MONTGOMERY CO AIR PARK, MD US (Id=72033493764,21.0mi)",0.16,0.0,0.0,0.0,0.51,0.0,0.0,0.0
Morven Park Spring Horse Trials,2020-11-14,2020-11-14,-77.55527,39.14542,2020-11-13,2020-11-12,2020-11-11,2020-11-10,2020-11-09,2020-11-08,2020-11-07,,,,,,,,,,,45.1,0.0,8.6,9.9,71.32,9.7,,1023.1,"KJYO (Id=KJYO,4.5mi), LEESBURG EXECUTIVE AIRPORT, VA US (Id=72405503714,4.7mi), KIAD (Id=KIAD,15.0mi), WASHINGTON DULLES INTERNATIONAL AIRPORT, VA US (Id=72403093738,16.0mi), GAITHERSBURG, MD (Id=KGAI,21.0mi), GAITHERSBURG MONTGOMERY CO AIR PARK, MD US (Id=72033493764,21.0mi)",0.99,0.0,0.52,0.96,0.0,0.0,0.0,0.0
Morven Park Spring Horse Trials,2019-03-30,2019-03-30,-77.55527,39.14542,2019-03-29,2019-03-28,2019-03-27,2019-03-26,2019-03-25,2019-03-24,2019-03-23,,,,,,,,,,,61.4,0.0,19.0,9.9,61.49,37.7,28.3,1014.7,"KJYO (Id=KJYO,4.5mi), LEESBURG EXECUTIVE AIRPORT, VA US (Id=72405503714,4.7mi), KIAD (Id=KIAD,15.0mi), WASHINGTON DULLES INTERNATIONAL AIRPORT, VA US (Id=72403093738,16.0mi), GAITHERSBURG, MD (Id=KGAI,21.0mi), GAITHERSBURG MONTGOMERY CO AIR PARK, MD US (Id=72033493764,21.0mi)",0.84,0.0,0.0,0.0,0.0,0.0,0.0,0.0
Waredaca Classic Horse Trials,2019-10-24,2019-10-24,-77.08061,39.23332,2019-10-23,2019-10-22,2019-10-21,2019-10-20,2019-10-19,2019-10-18,2019-10-17,,,,,,,,,,,52.7,0.0,8.8,9.9,66.86,0.1,,1027.4,"GAITHERSBURG, MD (Id=KGAI,6.5mi), GAITHERSBURG MONTGOMERY CO AIR PARK, MD US (Id=72033493764,6.5mi), BALTIMORE WASHINGTON INTERNATIONAL AIRPORT, MD US (Id=72406093721,22.0mi), KBWI (Id=KBWI,22.0mi), WESTMINSTER CARROLL CO REGIONAL JB POAGE AIRPORT, MD US (Id=72069903724,26.0mi), KDCA (Id=KDCA,27.0mi)",0.89,0.0,0.58,0.0,1.19,0.01,0.02,0.17
Ocala International 3-Day Festival of Eventing,2019-04-10,2019-04-10,-82.13986,29.05603,2019-04-09,2019-04-08,2019-04-07,2019-04-06,2019-04-05,2019-04-04,2019-04-03,,,,,,,,,,,71.8,0.02,7.4,9.6,77.03,48.6,,1008.9,"OCALA, FL (Id=KOCF,9.3mi), OCALA JIM TAYLOR FIELD, FL US (Id=72205512861,9.5mi), INVERNESS AIRPORT, FL US (Id=72473700377,20.0mi), LEESBURG MUNICIPAL AIRPORT, FL US (Id=72221312819,26.0mi), KLEE (Id=KLEE,26.0mi), CRYSTAL RIVER AIRPORT, FL US (Id=72065500235,29.0mi)",0.11,0.0,0.36,0.0,0.31,0.36,0.0,0.03
War Horse Event Series (October 2019),2019-10-13,2019-10-13,-79.36633,35.01506,2019-10-12,2019-10-11,2019-10-10,2019-10-09,2019-10-08,2019-10-07,2019-10-06,,,,,,,,,,,69.7,1.45,11.1,9.2,79.97,70.3,18.3,1017.6,"KHFF (Id=KHFF,7.6mi), FORT BRAGG MACKALL ARMY AIR FIELD, NC US (Id=72303493747,7.7mi), SOUTHERN PINES A, NC (Id=KSOP,15.0mi), MOORE CO AIRPORT, NC US (Id=72314303720,15.0mi), LAURINBURG MAXTON AIRPORT, NC US (Id=72310993782,15.0mi), KMEB (Id=KMEB,16.0mi)",0.5,0.0,0.0,0.0,0.0,0.01,0.08,0.0
Ocala Winter I H.T. ,2019-02-07,2019-02-07,-82.13986,29.05603,2019-02-06,2019-02-05,2019-02-04,2019-02-03,2019-02-02,2019-02-01,2019-01-31,,,,,,,,,,,66.4,0.0,7.6,9.5,76.18,1.0,,1021.8,"OCALA, FL (Id=KOCF,9.3mi), OCALA JIM TAYLOR FIELD, FL US (Id=72205512861,9.5mi), INVERNESS AIRPORT, FL US (Id=72473700377,20.0mi), LEESBURG MUNICIPAL AIRPORT, FL US (Id=72221312819,26.0mi), KLEE (Id=KLEE,26.0mi), CRYSTAL RIVER AIRPORT, FL US (Id=72065500235,29.0mi)",0.02,0.0,0.0,0.01,0.0,0.44,0.0,0.0
Windridge Farm Fall HT,2019-10-05,2019-10-05,-81.82851,35.22747000000001,2019-10-04,2019-10-03,2019-10-02,2019-10-01,2019-09-30,2019-09-29,2019-09-28,,,,,,,,,,,66.3,0.12,12.2,9.7,72.21,80.3,25.3,1021.7,"SHELBY MUNICIPAL AIRPORT, NC US (Id=72027763843,13.0mi), SPARTANBURG, SC US (Id=99999993804,23.0mi), SPARTANBURG DOWNTOWN MEM, SC US (Id=72312699999,23.0mi), KSPA (Id=KSPA,24.0mi), GRNVL SPART INTERNATIONAL AIRPORT, SC US (Id=72312003870,31.0mi), KGSP (Id=KGSP,32.0mi)",0.22,0.0,0.0,0.0,0.0,0.09,0.0,0.0
Ocala Winter II Horse Trials,2019-03-14,2019-03-14,-82.13986,29.05603,2019-03-13,2019-03-12,2019-03-11,2019-03-10,2019-03-09,2019-03-08,2019-03-07,,,,,,,,,,,71.4,0.0,12.5,9.9,70.15,24.2,18.3,1020.8,"OCALA, FL (Id=KOCF,9.3mi), OCALA JIM TAYLOR FIELD, FL US (Id=72205512861,9.5mi), INVERNESS AIRPORT, FL US (Id=72473700377,20.0mi), LEESBURG MUNICIPAL AIRPORT, FL US (Id=72221312819,26.0mi), KLEE (Id=KLEE,26.0mi), CRYSTAL RIVER AIRPORT, FL US (Id=72065500235,29.0mi)",0.23,0.0,0.0,0.0,0.0,0.0,0.0,0.0
Woodside International H.T.(Oct 2019),2019-10-03,2019-10-03,-122.24548,37.40747,2019-10-02,2019-10-01,2019-09-30,2019-09-29,2019-09-28,2019-09-27,2019-09-26,,,,,,,,,,,56.3,0.0,19.6,9.6,71.77,11.9,29.0,1015.8,"KHAF (Id=KHAF,15.0mi), HALF MOON BAY AIRPORT, CA US (Id=72064600228,16.0mi), KSFO (Id=KSFO,16.0mi), SAN FRANCISCO INTERNATIONAL AIRPORT, CA US (Id=72494023234,16.0mi), SAN JOSE, CA US (Id=72494523293,18.0mi), KSJC (Id=KSJC,18.0mi)",0.12,0.0,0.0,0.01,0.0,0.0,0.0,0.0
Surefire Horse Trials,2019-09-28,2019-09-28,-77.76337,39.05034000000001,2019-09-27,2019-09-26,2019-09-25,2019-09-24,2019-09-23,2019-09-22,2019-09-21,,,,,,,,,,,73.1,0.02,10.3,9.9,75.4,40.1,20.3,1018.7,"KJYO (Id=KJYO,11.0mi), LEESBURG EXECUTIVE AIRPORT, VA US (Id=72405503714,11.0mi), KIAD (Id=KIAD,18.0mi), WASHINGTON DULLES INTERNATIONAL AIRPORT, VA US (Id=72403093738,19.0mi), WINCHESTER REGIONAL AIRPORT, VA US (Id=72405303717,21.0mi), KOKV (Id=KOKV,22.0mi)",1.0,0.0,0.01,0.0,0.0,0.02,0.0,0.0
Otter Creek Spring H.T.(May 2019),2019-05-17,2019-05-17,-91.89656,45.10324,2019-05-16,2019-05-15,2019-05-14,2019-05-13,2019-05-12,2019-05-11,2019-05-10,,,,,,,,,,,56.0,0.0,11.9,9.9,54.19,20.7,21.9,1011.6,"MENOMONIE MUNICIPAL AIRPORT SCORE FIELD, WI US (Id=72032704995,15.0mi), KLUM (Id=KLUM,15.0mi), KY23 (Id=KY23,19.0mi), RICE LAKE REGIONAL AIRPORT CARLS FIELD, WI US (Id=72646754909,23.0mi), KRPD (Id=KRPD,23.0mi), CHIPPEWA VALLEY REGIONAL AIRPORT, WI US (Id=72643514991,26.0mi)",0.48,0.28,0.18,0.0,0.0,0.0,0.01,0.0
Paradise Farm Horse Trials (February 2019),2019-02-15,2019-02-15,-81.55785,33.57801,2019-02-14,2019-02-13,2019-02-12,2019-02-11,2019-02-10,2019-02-09,2019-02-08,,,,,,,,,,,54.3,0.07,12.0,9.4,70.29,66.6,,1013.3,"AIKEN MUNICIPAL AIRPORT, SC US (Id=72060100193,8.8mi), KAIK (Id=KAIK,9.1mi), BLACKVILLE 3 W, SC US (Id=99999963826,20.0mi), KBNL (Id=KBNL,25.0mi), BARNWELL REGIONAL AIRPORT, SC US (Id=72060200194,25.0mi), AUGUSTA BUSH FIELD AIRPORT, GA US (Id=72218003820,28.0mi)",0.36,0.0,0.0,0.23,0.15,0.0,0.0,0.0
Plantation Field International,2019-09-18,2019-09-18,-75.78744,39.90874,2019-09-17,2019-09-16,2019-09-15,2019-09-14,2019-09-13,2019-09-12,2019-09-11,,,,,,,,,,,60.2,0.0,7.7,9.9,74.3,2.3,19.7,1023.1,"AVONDALE 2 N, PA US (Id=99999903761,3.4mi), CHESTER CO GO CARLSON AIRPORT, PA US (Id=72040800136,6.6mi), WILMINGTON NEW CASTLE CO AIRPORT, DE US (Id=72418013781,19.0mi), KILG (Id=KILG,19.0mi), KPTW (Id=KPTW,26.0mi), HERITAGE FIELD AIRPORT, PA US (Id=72510954782,26.0mi)",0.56,0.0,0.0,0.17,0.0,0.01,0.21,0.0
Plantation Field H.T.(June 2019),2019-06-08,2019-06-08,-75.78744,39.90874,2019-06-07,2019-06-06,2019-06-05,2019-06-04,2019-06-03,2019-06-02,2019-06-01,,,,,,,,,,,68.5,0.0,15.5,9.8,68.5,0.3,23.0,1019.2,"AVONDALE 2 N, PA US (Id=99999903761,3.4mi), CHESTER CO GO CARLSON AIRPORT, PA US (Id=72040800136,6.6mi), WILMINGTON NEW CASTLE CO AIRPORT, DE US (Id=72418013781,19.0mi), KILG (Id=KILG,19.0mi), KPTW (Id=KPTW,26.0mi), HERITAGE FIELD AIRPORT, PA US (Id=72510954782,26.0mi)",0.13,0.0,0.02,0.1,0.0,0.0,0.22,0.0
Plantation Field June Starter Horse Trials,2020-06-07,2020-06-07,-75.78744,39.90874,2020-06-06,2020-06-05,2020-06-04,2020-06-03,2020-06-02,2020-06-01,2020-05-31,,,,,,,,,,,67.7,0.0,10.1,9.9,53.81,4.1,26.4,1013.3,"AVONDALE 2 N, PA US (Id=99999903761,3.4mi), CHESTER CO GO CARLSON AIRPORT, PA US (Id=72040800136,6.6mi), WILMINGTON NEW CASTLE CO AIRPORT, DE US (Id=72418013781,19.0mi), KILG (Id=KILG,19.0mi)",0.51,0.03,0.68,0.41,0.34,0.0,0.0,0.0
Plantation Field June Starter Horse Trials,2019-06-09,2019-06-09,-75.78744,39.90874,2019-06-08,2019-06-07,2019-06-06,2019-06-05,2019-06-04,2019-06-03,2019-06-02,,,,,,,,,,,67.7,0.0,17.3,9.7,55.83,7.0,25.3,1023.3,"AVONDALE 2 N, PA US (Id=99999903761,3.4mi), CHESTER CO GO CARLSON AIRPORT, PA US (Id=72040800136,6.6mi), WILMINGTON NEW CASTLE CO AIRPORT, DE US (Id=72418013781,19.0mi), KILG (Id=KILG,19.0mi), KPTW (Id=KPTW,26.0mi), HERITAGE FIELD AIRPORT, PA US (Id=72510954782,26.0mi)",0.18,0.0,0.0,0.02,0.1,0.0,0.0,0.22
Town Hill Farm Horse Trials(Aug 2019),2019-08-23,2019-08-23,-73.43115999999998,41.93681,2019-08-22,2019-08-21,2019-08-20,2019-08-19,2019-08-18,2019-08-17,2019-08-16,,,,,,,,,,,66.5,0.02,9.3,9.8,73.78,19.9,19.7,1014.8,"MILLBROOK 3 W, NY US (Id=99999964756,19.0mi), KPOU (Id=KPOU,31.0mi), POUGHKEEPSIE AIRPORT, NY US (Id=72503614757,32.0mi), PITTSFIELD MUNICIPAL AIRPORT, MA US (Id=74410414763,35.0mi), KPSF (Id=KPSF,35.0mi), OXFORD WATERBURY, CT US (Id=72502964707,35.0mi)",0.72,0.11,0.98,0.0,0.14,0.35,0.8,0.06
Poplar Place Farm June HT & Area Championships,2019-05-31,2019-05-31,-84.86506999999997,32.7023,2019-05-30,2019-05-29,2019-05-28,2019-05-27,2019-05-26,2019-05-25,2019-05-24,,,,,,,,,,,82.0,0.0,14.9,9.8,64.63,21.3,21.2,1013.0,"KCSG (Id=KCSG,13.0mi), COLUMBUS METROPOLITAN AIRPORT, GA US (Id=72225593842,14.0mi), FORT BENNING LAWSON FIELD, GA US (Id=72225013829,26.0mi), KLSF (Id=KLSF,27.0mi), AUBURN-OPELIKA A, AL (Id=KAUO,33.0mi), AUBURN OPELIKA AIRPORT, AL US (Id=72228403892,34.0mi)",0.94,0.0,0.0,0.0,0.0,0.0,0.0,0.0
Poplar Place March Horse Trials (2019),2019-03-23,2019-03-23,-84.86506999999997,32.7023,2019-03-22,2019-03-21,2019-03-20,2019-03-19,2019-03-18,2019-03-17,2019-03-16,,,,,,,,,,,56.6,0.0,5.7,9.7,46.75,0.0,,1022.7,"KCSG (Id=KCSG,13.0mi), COLUMBUS METROPOLITAN AIRPORT, GA US (Id=72225593842,14.0mi), FORT BENNING LAWSON FIELD, GA US (Id=72225013829,26.0mi), KLSF (Id=KLSF,27.0mi), AUBURN-OPELIKA A, AL (Id=KAUO,33.0mi), AUBURN OPELIKA AIRPORT, AL US (Id=72228403892,34.0mi)",0.53,0.0,0.0,0.0,0.0,0.0,0.0,0.0
Red Hills International Horse Trial (March 2019),2019-03-06,2019-03-06,-84.30026,30.53853,2019-03-05,2019-03-04,2019-03-03,2019-03-02,2019-03-01,2019-02-28,2019-02-27,,,,,,,,,,,43.6,0.0,18.3,9.9,44.57,10.2,17.2,1028.5,"TALLAHASSEE REGIONAL AIRPORT, FL US (Id=72214093805,11.0mi), KTLH (Id=KTLH,12.0mi), 99999900325 (16.0mi), KBGE (Id=KBGE,36.0mi), BAINBRIDGE DECATUR CO INDUSTRIAL AIR PARK AIRPORT, GA US (Id=72026853882,37.0mi), NEWTON 11 SW, GA US (Id=99999963829,46.0mi)",1.0,0.3,0.0,0.54,1.01,0.91,0.07,0.18
Rocking Horse Winter 1 HT,2019-01-25,2019-01-25,-81.64143,28.99305,2019-01-24,2019-01-23,2019-01-22,2019-01-21,2019-01-20,2019-01-19,2019-01-18,,,,,,,,,,,49.9,0.0,12.6,9.9,62.94,19.8,21.9,1022.3,"LEESBURG MUNICIPAL AIRPORT, FL US (Id=72221312819,16.0mi), KLEE (Id=KLEE,16.0mi), DELAND MUNICIPAL AIRPORT SYDNEY H TAYLOR FIELD, FL US (Id=72090400299,22.0mi), KDED (Id=KDED,22.0mi), ORLANDO SANFORD AIRPORT, FL US (Id=72205712854,28.0mi), KSFB (Id=KSFB,29.0mi)",0.6,0.53,0.0,0.0,0.0,0.21,0.0,0.0
Stable View Summer Horse Trials,2019-06-22,2019-06-22,-81.79998,33.64859000000001,2019-06-21,2019-06-20,2019-06-19,2019-06-18,2019-06-17,2019-06-16,2019-06-15,,,,,,,,,,,76.3,0.12,27.5,9.7,80.87,15.1,39.8,1016.6,"KAIK (Id=KAIK,6.3mi), AIKEN MUNICIPAL AIRPORT, SC US (Id=72060100193,6.7mi), KDNL (Id=KDNL,19.0mi), AUGUSTA DANIEL FIELD AIRPORT, GA US (Id=72218113837,19.0mi), AUGUSTA BUSH FIELD AIRPORT, GA US (Id=72218003820,22.0mi), KAGS (Id=KAGS,22.0mi)",0.6,0.0,0.22,0.0,0.19,0.0,0.0,0.0
Stable View Spring Horse Trials,2019-06-06,2019-06-06,-81.79998,33.64859000000001,2019-06-05,2019-06-04,2019-06-03,2019-06-02,2019-06-01,2019-05-31,2019-05-30,,,,,,,,,,,74.1,0.03,10.0,9.4,88.19,59.3,,1012.9,"KAIK (Id=KAIK,6.3mi), AIKEN MUNICIPAL AIRPORT, SC US (Id=72060100193,6.7mi), KDNL (Id=KDNL,19.0mi), AUGUSTA DANIEL FIELD AIRPORT, GA US (Id=72218113837,19.0mi), AUGUSTA BUSH FIELD AIRPORT, GA US (Id=72218003820,22.0mi), KAGS (Id=KAGS,22.0mi)",0.04,0.02,0.0,0.0,0.0,0.0,0.0,0.0
Stable View Schooling Horse Trial,2019-04-14,2019-04-14,-81.79998,33.64859000000001,2019-04-13,2019-04-12,2019-04-11,2019-04-10,2019-04-09,2019-04-08,2019-04-07,,,,,,,,,,,71.6,0.11,20.5,9.9,93.46,81.1,28.9,1008.6,"KAIK (Id=KAIK,6.3mi), AIKEN MUNICIPAL AIRPORT, SC US (Id=72060100193,6.7mi), KDNL (Id=KDNL,19.0mi), AUGUSTA DANIEL FIELD AIRPORT, GA US (Id=72218113837,19.0mi), AUGUSTA BUSH FIELD AIRPORT, GA US (Id=72218003820,22.0mi), KAGS (Id=KAGS,22.0mi)",0.32,0.0,0.23,0.0,0.0,1.6,0.72,0.41
Stable View Spring Horse Trials (2019),2019-03-19,2019-03-19,-81.79998,33.64859000000001,2019-03-18,2019-03-17,2019-03-16,2019-03-15,2019-03-14,2019-03-13,2019-03-12,,,,,,,,,,,48.0,0.0,13.0,9.9,40.42,0.0,24.0,1026.6,"KAIK (Id=KAIK,6.3mi), AIKEN MUNICIPAL AIRPORT, SC US (Id=72060100193,6.7mi), KDNL (Id=KDNL,19.0mi), AUGUSTA DANIEL FIELD AIRPORT, GA US (Id=72218113837,19.0mi), AUGUSTA BUSH FIELD AIRPORT, GA US (Id=72218003820,22.0mi), KAGS (Id=KAGS,22.0mi)",0.47,0.0,0.0,0.0,0.0,0.0,0.0,0.0
The Fork at Tryon (April 2019),2019-04-03,2019-04-03,-82.0669,35.28265,2019-04-02,2019-04-01,2019-03-31,2019-03-30,2019-03-29,2019-03-28,2019-03-27,,,,,,,,,,,53.3,0.0,6.6,9.8,47.69,1.3,,1025.4,"SPARTANBURG DOWNTOWN MEM, SC US (Id=72312699999,26.0mi), SPARTANBURG, SC US (Id=99999993804,26.0mi), KSPA (Id=KSPA,27.0mi), GRNVL SPART INTERNATIONAL AIRPORT, SC US (Id=72312003870,27.0mi), KGSP (Id=KGSP,28.0mi)",0.98,0.0,0.0,0.08,0.0,0.0,0.0,0.0
